#,SUBJECT_AREA,WORKFLOW_NAME,other_workflows,Target Schema,Workflow Base Target Table,DL  Schema
1,BA_WMS,wf_WMS_To_SCDS_Every_4_Hrs,,refine,WM_E_DEPT,
2,BA_WMS,wf_WMS_To_SCDS_Every_4_Hrs,,refine,WM_UCL_USER,
3,BA_WMS,wf_WMS_To_SCDS_Every_4_Hrs,,refine,WM_E_CONSOL_PERF_SMRY,
4,BA_WMS,wf_WMS_To_SCDS_Daily,,refine,WM_ASN,
5,BA_WMS,wf_WMS_To_SCDS_Daily,,refine,WM_ASN_DETAIL,
6,BA_WMS,wf_WMS_To_SCDS_Daily,,refine,WM_ASN_DETAIL_STATUS,
7,BA_WMS,wf_WMS_To_SCDS_Daily,,refine,WM_ASN_STATUS,
8,BA_WMS,wf_WMS_To_SCDS_Daily,,refine,WM_BUSINESS_PARTNER,
9,BA_WMS,wf_WMS_To_SCDS_Daily,,refine,WM_C_LEADER_AUDIT,
10,BA_WMS,wf_WMS_To_SCDS_Daily,,refine,WM_C_TMS_PLAN,
11,BA_WMS,wf_WMS_To_SCDS_Daily,,refine,WM_CARRIER_CODE,
12,BA_WMS,wf_WMS_To_SCDS_Daily,,refine,WM_COMMODITY_CODE,
13,BA_WMS,wf_WMS_To_SCDS_Daily,,refine,WM_DO_STATUS,
14,BA_WMS,wf_WMS_To_SCDS_Daily,,refine,WM_DOCK_DOOR,
15,BA_WMS,wf_WMS_To_SCDS_Daily,,refine,WM_E_ACT,
16,BA_WMS,wf_WMS_To_SCDS_Daily,,refine,WM_E_ACT_ELM,
17,BA_WMS,wf_WMS_To_SCDS_Daily,,refine,WM_E_ACT_ELM_CRIT,
18,BA_WMS,wf_WMS_To_SCDS_Daily,,refine,WM_E_AUD_LOG,
19,BA_WMS,wf_WMS_To_SCDS_Daily,,refine,WM_E_CRIT_VAL,
20,BA_WMS,wf_WMS_To_SCDS_Daily,,refine,WM_E_ELM,
21,BA_WMS,wf_WMS_To_SCDS_Daily,,refine,WM_E_ELM_CRIT,
22,BA_WMS,wf_WMS_To_SCDS_Daily,,refine,WM_E_EMP_DTL,
23,BA_WMS,wf_WMS_To_SCDS_Daily,,refine,WM_E_EMP_STAT_CODE,
24,BA_WMS,wf_WMS_To_SCDS_Daily,,refine,WM_E_EVNT_SMRY_HDR,
25,BA_WMS,wf_WMS_To_SCDS_Daily,,refine,WM_E_JOB_FUNCTION,
26,BA_WMS,wf_WMS_To_SCDS_Daily,,refine,WM_E_LABOR_TYPE_CODE,
27,BA_WMS,wf_WMS_To_SCDS_Daily,,refine,WM_E_MSRMNT,
28,BA_WMS,wf_WMS_To_SCDS_Daily,,refine,WM_E_MSRMNT_RULE,
29,BA_WMS,wf_WMS_To_SCDS_Daily,,refine,WM_E_MSRMNT_RULE_CALC,
30,BA_WMS,wf_WMS_To_SCDS_Daily,,refine,WM_E_MSRMNT_RULE_CONDITION,
31,BA_WMS,wf_WMS_To_SCDS_Daily,,refine,WM_E_SHIFT,
32,BA_WMS,wf_WMS_To_SCDS_Daily,,refine,WM_EQUIPMENT,
33,BA_WMS,wf_WMS_To_SCDS_Daily,,refine,WM_EQUIPMENT_INSTANCE,
34,BA_WMS,wf_WMS_To_SCDS_Daily,,refine,WM_FACILITY,
35,BA_WMS,wf_WMS_To_SCDS_Daily,,refine,WM_ILM_APPOINTMENT_OBJECTS,
36,BA_WMS,wf_WMS_To_SCDS_Daily,,refine,WM_ILM_APPOINTMENT_STATUS,
37,BA_WMS,wf_WMS_To_SCDS_Daily,,refine,WM_ILM_APPOINTMENT_TYPE,
38,BA_WMS,wf_WMS_To_SCDS_Daily,,refine,WM_ILM_APPOINTMENTS,
39,BA_WMS,wf_WMS_To_SCDS_Daily,,refine,WM_ILM_APPT_EQUIPMENTS,
40,BA_WMS,wf_WMS_To_SCDS_Daily,,refine,WM_ILM_TASK_STATUS,
41,BA_WMS,wf_WMS_To_SCDS_Daily,,refine,WM_ILM_YARD_ACTIVITY,
42,BA_WMS,wf_WMS_To_SCDS_Daily,,refine,WM_ITEM_CBO,
43,BA_WMS,wf_WMS_To_SCDS_Daily,,refine,WM_ITEM_FACILITY_MAPPING_WMS,
44,BA_WMS,wf_WMS_To_SCDS_Daily,,refine,WM_ITEM_FACILITY_SLOTTING,
45,BA_WMS,wf_WMS_To_SCDS_Daily,,refine,WM_ITEM_GROUP_WMS,
46,BA_WMS,wf_WMS_To_SCDS_Daily,,refine,WM_ITEM_PACKAGE_CBO,
47,BA_WMS,wf_WMS_To_SCDS_Daily,,refine,WM_ITEM_WMS,
48,BA_WMS,wf_WMS_To_SCDS_Daily,,refine,WM_LABOR_ACTIVITY,
49,BA_WMS,wf_WMS_To_SCDS_Daily,,refine,WM_LABOR_CRITERIA,
50,BA_WMS,wf_WMS_To_SCDS_Daily,,refine,WM_LABOR_MSG,
51,BA_WMS,wf_WMS_To_SCDS_Daily,,refine,WM_LABOR_MSG_CRIT,
52,BA_WMS,wf_WMS_To_SCDS_Daily,,refine,WM_LABOR_MSG_DTL,
53,BA_WMS,wf_WMS_To_SCDS_Daily,,refine,WM_LABOR_MSG_DTL_CRIT,
54,BA_WMS,wf_WMS_To_SCDS_Daily,,refine,WM_LABOR_TRAN_DTL_CRIT,
55,BA_WMS,wf_WMS_To_SCDS_Daily,,refine,WM_LOCN_GRP,
56,BA_WMS,wf_WMS_To_SCDS_Daily,,refine,WM_LOCN_HDR,
57,BA_WMS,wf_WMS_To_SCDS_Daily,,refine,WM_LPN,
58,BA_WMS,wf_WMS_To_SCDS_Daily,,refine,WM_LPN_AUDIT_RESULTS,
59,BA_WMS,wf_WMS_To_SCDS_Daily,,refine,WM_LPN_DETAIL,
60,BA_WMS,wf_WMS_To_SCDS_Daily,,refine,WM_LPN_FACILITY_STATUS,
61,BA_WMS,wf_WMS_To_SCDS_Daily,,refine,WM_LPN_LOCK,
62,BA_WMS,wf_WMS_To_SCDS_Daily,,refine,WM_LPN_SIZE_TYPE,
63,BA_WMS,wf_WMS_To_SCDS_Daily,,refine,WM_LPN_STATUS,
64,BA_WMS,wf_WMS_To_SCDS_Daily,,refine,WM_LPN_TYPE,
65,BA_WMS,wf_WMS_To_SCDS_Daily,,refine,WM_ORDER_LINE_ITEM,
66,BA_WMS,wf_WMS_To_SCDS_Daily,,refine,WM_ORDER_STATUS,
67,BA_WMS,wf_WMS_To_SCDS_Daily,,refine,WM_ORDERS,
68,BA_WMS,wf_WMS_To_SCDS_Daily,,refine,WM_OUTPT_LPN,
69,BA_WMS,wf_WMS_To_SCDS_Daily,,refine,WM_OUTPT_LPN_DETAIL,
70,BA_WMS,wf_WMS_To_SCDS_Daily,,refine,WM_OUTPT_ORDER_LINE_ITEM,
71,BA_WMS,wf_WMS_To_SCDS_Daily,,refine,WM_OUTPT_ORDERS,
72,BA_WMS,wf_WMS_To_SCDS_Daily,,refine,WM_PICK_LOCN_DTL,
73,BA_WMS,wf_WMS_To_SCDS_Daily,,refine,WM_PICK_LOCN_DTL_SLOTTING,
74,BA_WMS,wf_WMS_To_SCDS_Daily,,refine,WM_PICK_LOCN_HDR,
75,BA_WMS,wf_WMS_To_SCDS_Daily,,refine,WM_PICK_LOCN_HDR_SLOTTING,
76,BA_WMS,wf_WMS_To_SCDS_Daily,,refine,WM_PICKING_SHORT_ITEM,
77,BA_WMS,wf_WMS_To_SCDS_Daily,,refine,WM_PIX_TRAN,
78,BA_WMS,wf_WMS_To_SCDS_Daily,,refine,WM_PRODUCT_CLASS,
79,BA_WMS,wf_WMS_To_SCDS_Daily,,refine,WM_PURCHASE_ORDERS,
80,BA_WMS,wf_WMS_To_SCDS_Daily,,refine,WM_PURCHASE_ORDERS_LINE_ITEM,
81,BA_WMS,wf_WMS_To_SCDS_Daily,,refine,WM_PURCHASE_ORDERS_LINE_STATUS,
82,BA_WMS,wf_WMS_To_SCDS_Daily,,refine,WM_PURCHASE_ORDERS_STATUS,
83,BA_WMS,wf_WMS_To_SCDS_Daily,,refine,WM_PUTAWAY_LOCK,
84,BA_WMS,wf_WMS_To_SCDS_Daily,,refine,WM_RACK_TYPE,
85,BA_WMS,wf_WMS_To_SCDS_Daily,,refine,WM_RACK_TYPE_LEVEL,
86,BA_WMS,wf_WMS_To_SCDS_Daily,,refine,WM_RESV_LOCN_HDR,
87,BA_WMS,wf_WMS_To_SCDS_Daily,,refine,WM_SEC_USER,
88,BA_WMS,wf_WMS_To_SCDS_Daily,,refine,WM_SHIP_VIA,
89,BA_WMS,wf_WMS_To_SCDS_Daily,,refine,WM_SHIPMENT,
90,BA_WMS,wf_WMS_To_SCDS_Daily,,refine,WM_SHIPMENT_STATUS,
91,BA_WMS,wf_WMS_To_SCDS_Daily,,refine,WM_SIZE_UOM,
92,BA_WMS,wf_WMS_To_SCDS_Daily,,refine,WM_SLOT_ITEM,
93,BA_WMS,wf_WMS_To_SCDS_Daily,,refine,WM_SLOT_ITEM_SCORE,
94,BA_WMS,wf_WMS_To_SCDS_Daily,,refine,WM_STANDARD_UOM,
95,BA_WMS,wf_WMS_To_SCDS_Daily,,refine,WM_STOP,
96,BA_WMS,wf_WMS_To_SCDS_Daily,,refine,WM_STOP_STATUS,
97,BA_WMS,wf_WMS_To_SCDS_Daily,,refine,WM_SYS_CODE,
98,BA_WMS,wf_WMS_To_SCDS_Daily,,refine,WM_TASK_DTL,
99,BA_WMS,wf_WMS_To_SCDS_Daily,,refine,WM_TASK_HDR,
100,BA_WMS,wf_WMS_To_SCDS_Daily,,refine,WM_TRAILER_CONTENTS,
101,BA_WMS,wf_WMS_To_SCDS_Daily,,refine,WM_TRAILER_REF,
102,BA_WMS,wf_WMS_To_SCDS_Daily,,refine,WM_TRAILER_TYPE,
103,BA_WMS,wf_WMS_To_SCDS_Daily,,refine,WM_TRAILER_VISIT,
104,BA_WMS,wf_WMS_To_SCDS_Daily,,refine,WM_TRAILER_VISIT_DTL,
105,BA_WMS,wf_WMS_To_SCDS_Daily,,refine,WM_UN_NUMBER,
106,BA_WMS,wf_WMS_To_SCDS_Daily,,refine,WM_USER_PROFILE,
107,BA_WMS,wf_WMS_To_SCDS_Daily,,refine,WM_VEND_PERF_TRAN,
108,BA_WMS,wf_WMS_To_SCDS_Daily,,refine,WM_WAVE_PARM,
109,BA_WMS,wf_WMS_To_SCDS_Daily,,refine,WM_YARD,
110,BA_WMS,wf_WMS_To_SCDS_Daily,,refine,WM_YARD_ZONE,
111,BA_WMS,wf_WMS_To_SCDS_Daily,,refine,WM_YARD_ZONE_SLOT,
112,BA_Services,wf_Prism_Daily,wf_Prism_Daily; bs_Sales_Agg_2; wf_AMS_Issuance; wf_Sales_Trans_Sku_UPD_ORDER_CREATE_CHNL,legacy,SALES_TRANS_COMPONENT,
113,BA_Services,wf_Prism_Daily,wf_Prism_Daily; bs_Sales_Agg_2; wf_ODS_To_CIDB_Sls_Cust_Link; wf_Sales_Trans_Sku_UPD_ORDER_CREATE_CHNL,legacy,SALES_TRANS_SKU,
114,BA_Services,wf_Prism_Daily,,legacy,SDS_ACCOUNT,cust_sensitive.sds_account_lgcy
115,BA_Services,wf_Prism_Daily,,legacy,SDS_ACCOUNT_HIST,
116,BA_Services,wf_Prism_Daily,,legacy,SDS_APPT_BLOCKED_EXCEPTION_HIST,
117,BA_Services,wf_Prism_Daily,,legacy,SDS_APPT_CHECKED_IN_EXCEPTION_HIST,
118,BA_Services,wf_Prism_Daily,,legacy,SDS_APPT_STATUS,
119,BA_Services,wf_Prism_Daily,,legacy,SDS_ASSET,
120,BA_Services,wf_Prism_Daily,,legacy,SDS_ASSET_HIST,
121,BA_Services,wf_Prism_Daily,,legacy,SDS_ASSIGNED_RESOURCE,
122,BA_Services,wf_Prism_Daily,,legacy,SDS_BUNDLE,
123,BA_Services,wf_Prism_Daily,,legacy,SDS_BUNDLE_ADD_ON,
124,BA_Services,wf_Prism_Daily,,legacy,SDS_BUNDLE_CONFIG,
125,BA_Services,wf_Prism_Daily,,legacy,SDS_CANCEL_REASON,
126,BA_Services,wf_Prism_Daily,,legacy,SDS_CLASS_SESSION,
127,BA_Services,wf_Prism_Daily,,legacy,SDS_CUSTOMER_PET,
128,BA_Services,wf_Prism_Daily,,legacy,SDS_CUSTOMER_RPT,cust_sensitive.sds_customer_rpt_lgcy
129,BA_Services,wf_Prism_Daily,,legacy,SDS_DAILY_ACTIVITY,
130,BA_Services,wf_Prism_Daily,,legacy,SDS_EMPLOYEE,
131,BA_Services,wf_Prism_Daily,,legacy,SDS_EMPLOYEE_DAY,
132,BA_Services,wf_Prism_Daily,,legacy,SDS_EMPLOYEE_GROUP,
133,BA_Services,wf_Prism_Daily,,legacy,SDS_EMPLOYEE_GROUP_SERVICE_TYPES,
134,BA_Services,wf_Prism_Daily,,legacy,SDS_EMPLOYEE_SCHEDULE_RPT,
135,BA_Services,wf_Prism_Daily,,legacy,SDS_EXCEPTION_HOURS,
136,BA_Services,wf_Prism_Daily,,legacy,SDS_INVOICE,
137,BA_Services,wf_Prism_Daily,,legacy,SDS_INVOICE_HIST,
138,BA_Services,wf_Prism_Daily,,legacy,SDS_NOTE,
139,BA_Services,wf_Prism_Daily,,legacy,SDS_NOTE_HIST,
140,BA_Services,wf_Prism_Daily,,legacy,SDS_OPERATING_HOURS,
141,BA_Services,wf_Prism_Daily,,legacy,SDS_ORDER,cust_sensitive.sds_order_lgcy
142,BA_Services,wf_Prism_Daily,,legacy,SDS_ORDER_HIST,
143,BA_Services,wf_Prism_Daily,,legacy,SDS_ORDER_ITEM,
144,BA_Services,wf_Prism_Daily,,legacy,SDS_ORDER_ITEM_DATETIME_RPT,
145,BA_Services,wf_Prism_Daily,,legacy,SDS_ORDER_ITEM_HIST,
146,BA_Services,wf_Prism_Daily,,legacy,SDS_ORDER_ITEM_RPT,cust_sensitive.sds_order_item_rpt_lgcy
147,BA_Services,wf_Prism_Daily,,legacy,SDS_ORDER_PRODUCT_SPECIAL,
148,BA_Services,wf_Prism_Daily,,legacy,SDS_ORDER_PRODUCT_SPECIAL_HIST,
149,BA_Services,wf_Prism_Daily,,legacy,SDS_ORDER_STATUS,
150,BA_Services,wf_Prism_Daily,,legacy,SDS_OUTGOING_MESSAGE,
151,BA_Services,wf_Prism_Daily,,legacy,SDS_OVERRIDE_REASON,
152,BA_Services,wf_Prism_Daily,,legacy,SDS_PACKAGE_PRODUCT,
153,BA_Services,wf_Prism_Daily,,legacy,SDS_PAYMENT_METHOD,
154,BA_Services,wf_Prism_Daily,,legacy,SDS_PET_VACCINATION,
155,BA_Services,wf_Prism_Daily,,legacy,SDS_PICK_LIST_VALUE_INFO,
156,BA_Services,wf_Prism_Daily,,legacy,SDS_PRICEBOOK,
157,BA_Services,wf_Prism_Daily,,legacy,SDS_PRICEBOOK_ENTRY,
158,BA_Services,wf_Prism_Daily,,legacy,SDS_PRICEBOOK_HIST,
159,BA_Services,wf_Prism_Daily,,legacy,SDS_PRODUCT,
160,BA_Services,wf_Prism_Daily,,legacy,SDS_PRODUCT_BUNDLE_CONFIG,
161,BA_Services,wf_Prism_Daily,,legacy,SDS_PRODUCT_HIST,
162,BA_Services,wf_Prism_Daily,,legacy,SDS_PRODUCT_SPECIAL,
163,BA_Services,wf_Prism_Daily,,legacy,SDS_PROFILE,
164,BA_Services,wf_Prism_Daily,,legacy,SDS_RECORD_TYPE,
165,BA_Services,wf_Prism_Daily,,legacy,SDS_REDEMPTION,
166,BA_Services,wf_Prism_Daily,,legacy,SDS_RESOURCE_ABSENCE,
167,BA_Services,wf_Prism_Daily,,legacy,SDS_RESOURCE_ABSENCE_HIST,
168,BA_Services,wf_Prism_Daily,,legacy,SDS_RESOURCE_PREFERENCE,
169,BA_Services,wf_Prism_Daily,,legacy,SDS_RESOURCE_PREFERENCE_HIST,
170,BA_Services,wf_Prism_Daily,,legacy,SDS_SCHEDULE_TEMPLATE,
171,BA_Services,wf_Prism_Daily,,legacy,SDS_SERVICE_APPOINTMENT,
172,BA_Services,wf_Prism_Daily,,legacy,SDS_SERVICE_APPOINTMENT_HIST,
173,BA_Services,wf_Prism_Daily,,legacy,SDS_SERVICE_CATEGORY,
174,BA_Services,wf_Prism_Daily,,legacy,SDS_SERVICE_CONTRACT,
175,BA_Services,wf_Prism_Daily,,legacy,SDS_SERVICE_CONTRACT_COMPONENT,
176,BA_Services,wf_Prism_Daily,,legacy,SDS_SERVICE_LOCATION_SPECIAL,
177,BA_Services,wf_Prism_Daily,,legacy,SDS_SERVICE_RESOURCE,
178,BA_Services,wf_Prism_Daily,,legacy,SDS_SERVICE_RESOURCE_HIST,
179,BA_Services,wf_Prism_Daily,,legacy,SDS_SERVICE_RESOURCE_SKILL,
180,BA_Services,wf_Prism_Daily,,legacy,SDS_SERVICE_RESOURCE_SKILL_HIST,
181,BA_Services,wf_Prism_Daily,,legacy,SDS_SERVICE_SUB_CATEGORY,
182,BA_Services,wf_Prism_Daily,,legacy,SDS_SERVICE_TERRITORY,
183,BA_Services,wf_Prism_Daily,,legacy,SDS_SERVICE_TERRITORY_HIST,
184,BA_Services,wf_Prism_Daily,,legacy,SDS_SERVICE_TERRITORY_MEMBER,
185,BA_Services,wf_Prism_Daily,,legacy,SDS_SERVICE_TERRITORY_MEMBER_HIST,
186,BA_Services,wf_Prism_Daily,,legacy,SDS_SERVICE_TEXT,
187,BA_Services,wf_Prism_Daily,,legacy,SDS_SERVICE_TYPE_GROUP,
188,BA_Services,wf_Prism_Daily,,legacy,SDS_SERVICE_TYPE_GROUP_SPECIAL,
189,BA_Services,wf_Prism_Daily,,legacy,SDS_SERVICE_TYPE_PRODUCT,
190,BA_Services,wf_Prism_Daily,,legacy,SDS_SKILL,
191,BA_Services,wf_Prism_Daily,,legacy,SDS_SKILL_REQUIREMENT,
192,BA_Services,wf_Prism_Daily,,legacy,SDS_SKILL_REQUIREMENT_HIST,
193,BA_Services,wf_Prism_Daily,,legacy,SDS_SPECIAL,
194,BA_Services,wf_Prism_Daily,,legacy,SDS_SPECIAL_HIST,
195,BA_Services,wf_Prism_Daily,,legacy,SDS_TIMESLOT,
196,BA_Services,wf_Prism_Daily,,legacy,SDS_USER,
197,BA_Services,wf_Prism_Daily,,legacy,SDS_USER_TERRITORY,
198,BA_Services,wf_Prism_Daily,,legacy,SDS_WORK_ORDER,
199,BA_Services,wf_Prism_Daily,,legacy,SDS_WORK_ORDER_DATETIME_RPT,
200,BA_Services,wf_Prism_Daily,,legacy,SDS_WORK_ORDER_HIST,
201,BA_Services,wf_Prism_Daily,,legacy,SDS_WORK_ORDER_LINE_ITEM,
202,BA_Services,wf_Prism_Daily,,legacy,SDS_WORK_ORDER_LINE_ITEM_HIST,
203,BA_Services,wf_Prism_Daily,,legacy,SDS_WORK_ORDER_RPT,cust_sensitive.sds_work_order_rpt_lgcy
204,BA_Services,wf_Prism_Daily,,legacy,SDS_WORK_ORDER_STATUS,
205,BA_Services,wf_Prism_Daily,,legacy,SDS_WORK_TYPE,
206,BA_Services,wf_Prism_Daily,,legacy,SDS_WORK_TYPE_HIST,
207,BA_Services,wf_Prism_Daily,,legacy,SVCS_APPT_SERVICE_COMMISSION,
208,BA_Services,wf_Prism_Daily,,legacy,SVCS_APPT_STATUS,
209,BA_Services,wf_Prism_Daily,,legacy,SVCS_APPT_STATUS_XREF,
210,BA_Services,wf_Prism_Daily,,legacy,SVCS_CANCEL_REASON,
211,BA_Services,wf_Prism_Daily,,legacy,SVCS_CANCEL_REASON_XREF,
212,BA_Services,wf_Prism_Daily,,legacy,SVCS_CUSTOMER_FIRST_APPT,
213,BA_Services,wf_Prism_Daily,wf_Prism_Daily; bs_TouchPoint,legacy,SVCS_CUSTOMER_XREF,
214,BA_Services,wf_Prism_Daily,,legacy,SVCS_EMPLOYEE_GROUP,
215,BA_Services,wf_Prism_Daily,,legacy,SVCS_EMPLOYEE_GROUP_XREF,
216,BA_Services,wf_Prism_Daily,,legacy,SVCS_INFA_LOAD_CTRL,
217,BA_Services,wf_Prism_Daily,,legacy,SVCS_ORDER_STATUS,
218,BA_Services,wf_Prism_Daily,,legacy,SVCS_ORDER_STATUS_XREF,
219,BA_Services,wf_Prism_Daily,,legacy,SVCS_OVERRIDE_REASON,
220,BA_Services,wf_Prism_Daily,,legacy,SVCS_OVERRIDE_REASON_XREF,
221,BA_Services,wf_Prism_Daily,,legacy,SVCS_PAYMENT_METHOD,
222,BA_Services,wf_Prism_Daily,,legacy,SVCS_PAYMENT_METHOD_XREF,
223,BA_Services,wf_Prism_Daily,,legacy,SVCS_PET_FIRST_APPT,
224,BA_Services,wf_Prism_Daily,wf_Prism_Daily; bs_TouchPoint,legacy,SVCS_PET_XREF,
225,BA_Services,wf_Prism_Daily,,legacy,SVCS_SERVICE_CATEGORY,
226,BA_Services,wf_Prism_Daily,,legacy,SVCS_SERVICE_CATEGORY_XREF,
227,BA_Services,wf_Prism_Daily,,legacy,SVCS_SERVICE_SUB_CATEGORY,
228,BA_Services,wf_Prism_Daily,,legacy,SVCS_SERVICE_SUB_CATEGORY_XREF,
229,BA_TouchPoint,bs_TouchPoint,bs_TouchPoint; bs_Sales_Detail_1,legacy,CR_CUST_ACCT_SKEY,cust_sensitive.cr_cust_acct_skey_lgcy
230,BA_TouchPoint,bs_TouchPoint,bs_TouchPoint; bs_Dimension,legacy,LOCATION,
231,BA_TouchPoint,bs_TouchPoint,bs_TouchPoint; bs_ac_etl_statistics; bs_Dim_Updates; bs_Dimension; wf_SCM; wf_Store_Lat_Long,legacy,SITE_PROFILE,
234,BA_TouchPoint,bs_TouchPoint,,refine,TP_CAMPAIGN,
235,BA_TouchPoint,bs_TouchPoint,,refine,TP_CAMPN_MEMBERS,
236,BA_TouchPoint,bs_TouchPoint,,refine,TP_CANCELLED_SERVICES,
237,BA_TouchPoint,bs_TouchPoint,,refine,TP_CUSTOMER,
238,BA_TouchPoint,bs_TouchPoint,,refine,TP_CUSTOMER_PHONE,
239,BA_TouchPoint,bs_TouchPoint,,refine,TP_EMPLOYEE,
240,BA_TouchPoint,bs_TouchPoint,,refine,TP_ERROR_LOG,
241,BA_TouchPoint,bs_TouchPoint,,refine,TP_EVENT,
242,BA_TouchPoint,bs_TouchPoint,,refine,TP_EVENT_AGENDA,
243,BA_TouchPoint,bs_TouchPoint,,refine,TP_EVENT_SCHEDULE,
244,BA_TouchPoint,bs_TouchPoint,,refine,TP_EVENT_SERVICE,
245,BA_TouchPoint,bs_TouchPoint,,refine,TP_GROOM_DAY,
246,BA_TouchPoint,bs_TouchPoint,,refine,TP_HISTORY,
247,BA_TouchPoint,bs_TouchPoint,,refine,TP_INVOICE,
248,BA_TouchPoint,bs_TouchPoint,,refine,TP_INVOICE_RPT,
249,BA_TouchPoint,bs_TouchPoint,,refine,TP_INVOICE_SERVICE,
250,BA_TouchPoint,bs_TouchPoint,,refine,TP_INVOICE_SERVICE_DAY,
251,BA_TouchPoint,bs_TouchPoint,,refine,TP_INVOICE_SERVICE_RPT,
252,BA_TouchPoint,bs_TouchPoint,,refine,TP_MASTER_INVOICE_LOOKUP,
253,BA_TouchPoint,bs_TouchPoint,,refine,TP_OVERRIDE_PRICE,
254,BA_TouchPoint,bs_TouchPoint,,refine,TP_PAYMENT,
255,BA_TouchPoint,bs_TouchPoint,,refine,TP_PET,
256,BA_TouchPoint,bs_TouchPoint,,refine,TP_PET_DIETS,
257,BA_TouchPoint,bs_TouchPoint,,refine,TP_PET_MEDS,
258,BA_TouchPoint,bs_TouchPoint,,refine,TP_PET_VACC,
259,BA_TouchPoint,bs_TouchPoint,,refine,TP_PETSHOTEL_ACCRUAL,
260,BA_TouchPoint,bs_TouchPoint,,refine,TP_RESERVATIONS,
261,BA_TouchPoint,bs_TouchPoint,,refine,TP_ROOM_PROFILE,
262,BA_TouchPoint,bs_TouchPoint,,refine,TP_SERVICE_SCHEDULE,
263,BA_TouchPoint,bs_TouchPoint,,refine,TP_TICKLER_PRINT,
264,BA_TouchPoint,bs_TouchPoint,,refine,TP_VERSION,
265,BA_TouchPoint,bs_TouchPoint,,refine,USR_TP_SMS_USER_XREF,
266,BA_TouchPoint,wf_Petshotel_Accrual,,refine,PETSHOTEL_ACCRUAL,
267,BA_Services,wf_pet_hotel,,legacy,E_RES_ADD_ONS,
268,BA_Services,wf_pet_hotel,,legacy,E_RES_ADD_ON_CATEGORY,
269,BA_Services,wf_pet_hotel,,legacy,E_RES_PETS,
270,BA_Services,wf_pet_hotel,,legacy,E_RES_REQUESTS,
271,BA_Services,wf_pet_hotel,,legacy,E_RES_SELECTED_ADD_ONS,
272,BA_Services,wf_pet_hotel,,legacy,E_RES_SELECTED_MEDICATIONS,
273,BA_Services,wf_Salon_Academy,,legacy,SALON_ACADEMY,
274,BA_Services,wf_Salon_Academy,,legacy,SALON_ACADEMY_ASSESSMENT,
275,BA_Services,wf_Salon_Academy,,legacy,SALON_ACADEMY_ASSESSMENT_ACTIVITY_TRACKER,
276,BA_Services,wf_Salon_Academy,,legacy,SALON_ACADEMY_ASSESSMENT_DENY_REASON,
277,BA_Services,wf_Salon_Academy,,legacy,SALON_ACADEMY_ASSESSMENT_FAIL_REASON,
278,BA_Services,wf_Salon_Academy,,legacy,SALON_ACADEMY_ASSESSMENT_REASON,
279,BA_Services,wf_Salon_Academy,,legacy,SALON_ACADEMY_ASSESSMENT_TRAINER,
280,BA_Services,wf_Salon_Academy,,legacy,SALON_ACADEMY_TRAINING,
281,BA_Services,wf_Salon_Academy,,legacy,SALON_ACADEMY_TRAVEL,
282,BA_Services,wf_Pet_Training,,legacy,PET_TRAINING_RESERVATION,
283,BA_Services,wf_Pet_Training,,legacy,TRAINING_CATEGORY_TYPE,
284,BA_Services,wf_Pet_Training,,legacy,TRAINING_CATEGORY_TYPE_FOCUS_AREA,
285,BA_Services,wf_Pet_Training,,legacy,TRAINING_CLASS_PROMO,
286,BA_Services,wf_Pet_Training,,legacy,TRAINING_CLASS_TYPE,
287,BA_Services,wf_Pet_Training,,legacy,TRAINING_CLASS_TYPE_DETAIL,
288,BA_Services,wf_Pet_Training,,legacy,TRAINING_CUSTOMER,cust_sensitive.training_customer_lgcy
289,BA_Services,wf_Pet_Training,,legacy,TRAINING_FOCUS_AREA,
290,BA_Services,wf_Pet_Training,,legacy,TRAINING_INVOICE,
291,BA_Services,wf_Pet_Training,,legacy,TRAINING_PACKAGE,
292,BA_Services,wf_Pet_Training,,legacy,TRAINING_PACKAGE_OPTION,
293,BA_Services,wf_Pet_Training,,legacy,TRAINING_PACKAGE_OPTION_CLASS_TYPE,
294,BA_Services,wf_Pet_Training,,legacy,TRAINING_PACKAGE_OPTION_DETAIL,
295,BA_Services,wf_Pet_Training,,legacy,TRAINING_PACKAGE_PROMO,
296,BA_Services,wf_Pet_Training,,legacy,TRAINING_PET,
297,BA_Services,wf_Pet_Training,,legacy,TRAINING_PET_FOCUS_AREA,
298,BA_Services,wf_Pet_Training,,legacy,TRAINING_RESERVATION,
299,BA_Services,wf_Pet_Training,,legacy,TRAINING_RESERVATION_HISTORY,
300,BA_Services,wf_Pet_Training,,legacy,TRAINING_SCHED_CHANGE_CAPTURE,
301,BA_Services,wf_Pet_Training,,legacy,TRAINING_SCHED_CHANGE_STATE,
302,BA_Services,wf_Pet_Training,,legacy,TRAINING_SCHED_CHANGE_TYPE,
303,BA_Services,wf_Pet_Training,,legacy,TRAINING_SCHED_CLASS_TYPE,
304,BA_Services,wf_Pet_Training,,legacy,TRAINING_SCHED_ENTITY_TYPE,
305,BA_Services,wf_Pet_Training,,legacy,TRAINING_SCHED_STORE_CLASS,
306,BA_Services,wf_Pet_Training,,legacy,TRAINING_SCHED_STORE_CLASS_DETAIL,
307,BA_Services,wf_Pet_Training,,legacy,TRAINING_SCHED_TRAINER,
308,BA_Services,wf_Pet_Training,,legacy,TRAINING_STORE_BLACKOUTS,
309,BA_Services,wf_Pet_Training,,legacy,TRAINING_STORE_CLASS,
310,BA_Services,wf_Pet_Training,,legacy,TRAINING_STORE_CLASS_DETAIL,
311,BA_Services,wf_Pet_Training,,legacy,TRAINING_TRAINER,
312,BA_Services,wf_Pet_Training,,legacy,TRAINING_UNIT_OF_MEASURE,
313,BA_Services,wf_GetSmart_PetTraining,,legacy,GS_PT_HISTORY,
314,BA_Services,wf_GetSmart_PetTraining,,legacy,GS_PT_TRAINING,
315,BA_Services,wf_GetSmart_PetTraining,,legacy,GS_PT_TRAINING_TYPE,
316,BA_Services,wf_GetSmart_PetTraining,,legacy,GS_PT_TRAVEL,
317,BA_Services,wf_bather_staff_schedule,,legacy,BATHER_STAFF_SCHEDULE,
318,BA_Services,wf_bather_staff_schedule,,legacy,BATHER_STAFF_SCHEDULE_LAST_MONTH,
322,BA_Services,wf_SVC_Service_Suspension_Log,,legacy,SVC_SERVICE_SUSPENSION_LOG,
323,BA_Services,wf_SRC_Services_Reservation,,legacy,SRC_SERVICES_RESERVATION,
324,BA_Customer,wf_Salon_Call_Log_Monthly,,legacy,SALON_LAPSED_CUST_CALL_LOG_HIST,cust_sensitive.salon_lapsed_cust_call_log_hist_lgcy
325,BA_HCM,wf_HCM_Daily,,legacy,EMPL_ACCOMPLISHMENT,
326,BA_HCM,wf_HCM_Daily,,legacy,EMPL_ACTION_HIST,
327,BA_HCM,wf_HCM_Daily,,legacy,EMPL_DATE_HIST,
328,BA_HCM,wf_HCM_Daily,,legacy,EMPL_DEPT_HIST,
329,BA_HCM,wf_HCM_Daily,,legacy,EMPL_EDUCATION,
330,BA_HCM,wf_HCM_Daily,,legacy,EMPL_EMPL_LOC_WK,empl_sensitive.empl_empl_loc_wk_lgcy
331,BA_HCM,wf_HCM_Daily,,legacy,EMPL_ETIME_PROF,
332,BA_HCM,wf_HCM_Daily,,legacy,EMPL_FULLPT_HIST,
333,BA_HCM,wf_HCM_Daily,,legacy,EMPL_JOB_HIST,
334,BA_HCM,wf_HCM_Daily,,legacy,EMPL_LABOR_WK,
335,BA_HCM,wf_HCM_Daily,,legacy,EMPL_LOC_CNT_WK,
336,BA_HCM,wf_HCM_Daily,,legacy,EMPL_PAY_GRADE_HIST,
337,BA_HCM,wf_HCM_Daily,,legacy,EMPL_PAY_RATE_HIST,
338,BA_HCM,wf_HCM_Daily,,legacy,EMPL_POSITION_HIST,
339,BA_HCM,wf_HCM_Daily,,legacy,EMPL_PTO,
340,BA_HCM,wf_HCM_Daily,,legacy,EMPL_PTO_DAY,
341,BA_HCM,wf_HCM_Daily,,legacy,EMPL_STATUS_HIST,
342,BA_HCM,wf_HCM_Daily,,legacy,EMPL_STD_BONUS_HIST,
343,BA_HCM,wf_HCM_Daily,,legacy,EMPL_SUPERVISOR_HIST,
344,BA_HCM,wf_HCM_Daily,,legacy,EMPL_TERM_DAYS_WORKED,
345,BA_HCM,wf_HCM_Daily,,legacy,EMPL_TERM_DAYS_WORKED_PSOFT,
346,BA_HCM,wf_HCM_Daily,,legacy,EMPL_TYPE_HIST,
347,BA_HCM,wf_HCM_Daily,,legacy,EMPL_WAGE_HIST,
348,BA_HCM,wf_HCM_Daily,,legacy,EMPLOYEE_GROUP,
349,BA_HCM,wf_HCM_Daily,,legacy,EMPLOYEE_PROFILE,
350,BA_HCM,wf_HCM_Daily,,legacy,EMPLOYEE_PROFILE_DAY,empl_sensitive.employee_profile_day_lgcy
351,BA_HCM,wf_HCM_Daily,,legacy,EMPLOYEE_PROFILE_PSOFT,
352,BA_HCM,wf_HCM_Daily,,legacy,EMPLOYEE_PROFILE_RPT,empl_sensitive.employee_profile_rpt_lgcy
353,BA_HCM,wf_HCM_Daily,,legacy,EMPLOYEE_PROFILE_WK,empl_sensitive.employee_profile_wk_lgcy
354,BA_HCM,wf_HCM_Daily,,legacy,EMPLOYEE_PROFILE_WK_GAP,empl_sensitive.employee_profile_wk_gap_lgcy
355,BA_HCM,wf_HCM_Daily,,legacy,EMPLOYEE_PROFILE_WK_PSOFT,
356,BA_HCM,wf_HCM_Daily,,legacy,EMPLOYEE_SUBGROUP,
357,BA_HCM,wf_HCM_Daily,,legacy,ETHNIC_GROUP,
358,BA_HCM,wf_HCM_Daily,,legacy,JOB_CODE,
359,BA_HCM,wf_HCM_Daily,,legacy,PS_ABSENCE_QUOTA,
360,BA_HCM,wf_HCM_Daily,,legacy,PS_ABSENCE_TYPE,
361,BA_HCM,wf_HCM_Daily,,legacy,PS_ACCOMPLISHMENT,
362,BA_HCM,wf_HCM_Daily,,legacy,PS_ACTION,
363,BA_HCM,wf_HCM_Daily,,legacy,PS_ACTION_REASON,
364,BA_HCM,wf_HCM_Daily,,legacy,PS_DATE_TYPE,
365,BA_HCM,wf_HCM_Daily,,legacy,PS_DEPARTMENT,
366,BA_HCM,wf_HCM_Daily,,legacy,PS_EDU_DEGREE_LVL,
367,BA_HCM,wf_HCM_Daily,,legacy,PS_EDU_FIELD,
368,BA_HCM,wf_HCM_Daily,,legacy,PS_EDU_TYPE,
369,BA_HCM,wf_HCM_Daily,,legacy,PS_INDIRECT_WAGE_TYPE,
370,BA_HCM,wf_HCM_Daily,,legacy,PS_PAY_GRADE_AREA,
371,BA_HCM,wf_HCM_Daily,,legacy,PS_PAY_GRADE_TYPE,
372,BA_HCM,wf_HCM_Daily,,legacy,PS_PAYROLL_AREA,
373,BA_HCM,wf_HCM_Daily,,legacy,PS_PERSONNEL_AREA,
374,BA_HCM,wf_HCM_Daily,,legacy,PS_PERSONNEL_SUBAREA,
375,BA_HCM,wf_HCM_Daily,,legacy,PS_POSITION,
376,BA_HCM,wf_HCM_Daily,,legacy,PS_TAX_COMPANY,
377,BA_HCM,wf_HCM_Daily,wf_HCM_Daily; wf_payroll_weekly,legacy,PS_WAGE_TYPE,
378,BA_HCM,wf_HCM_Daily,,legacy,SAP_CATSDB_HIST,
379,BA_HCM,wf_HCM_Daily,,legacy,SAP_EMPLOYEE_DEL,
380,BA_HCM,wf_HCM_Daily,,legacy,SAP_HRP1000_HIST,
381,BA_HCM,wf_HCM_Daily,,legacy,SAP_HRP1001_HIST,
382,BA_HCM,wf_HCM_Daily,,legacy,SAP_HRP1005_HIST,
383,BA_HCM,wf_HCM_Daily,,legacy,SAP_HRP1008_HIST,
384,BA_HCM,wf_HCM_Daily,,legacy,SAP_HRP1013_HIST,
385,BA_HCM,wf_HCM_Daily,,legacy,SAP_HRP1051_HIST,
386,BA_HCM,wf_HCM_Daily,,legacy,SAP_HRP7404_HIST,
387,BA_HCM,wf_HCM_Daily,,legacy,SAP_HRP7405_HIST,
388,BA_HCM,wf_HCM_Daily,,legacy,SAP_JOB_BONUS_HIST,
389,BA_HCM,wf_HCM_Daily,,legacy,SAP_JOB_CODE_HIST,
390,BA_HCM,wf_HCM_Daily,,legacy,SAP_PA0000_HIST,
391,BA_HCM,wf_HCM_Daily,,legacy,SAP_PA0001_HIST,
392,BA_HCM,wf_HCM_Daily,,legacy,SAP_PA0002_HIST,
393,BA_HCM,wf_HCM_Daily,,legacy,SAP_PA0006_HIST,
394,BA_HCM,wf_HCM_Daily,,legacy,SAP_PA0007_HIST,
395,BA_HCM,wf_HCM_Daily,,legacy,SAP_PA0008_HIST,
396,BA_HCM,wf_HCM_Daily,,legacy,SAP_PA0014_HIST,
397,BA_HCM,wf_HCM_Daily,,legacy,SAP_PA0015_HIST,
398,BA_HCM,wf_HCM_Daily,,legacy,SAP_PA0027_HIST,
399,BA_HCM,wf_HCM_Daily,,legacy,SAP_PA0041_HIST,
400,BA_HCM,wf_HCM_Daily,,legacy,SAP_PA0050_HIST,
401,BA_HCM,wf_HCM_Daily,,legacy,SAP_PA0077_HIST,
402,BA_HCM,wf_HCM_Daily,,legacy,SAP_PA0105_HIST,
403,BA_HCM,wf_HCM_Daily,,legacy,SAP_PA2006_HIST,
404,BA_HCM,wf_HCM_Daily,,legacy,SAP_PA9001_HIST,
405,BA_HCM,wf_HCM_Daily,,legacy,SAP_PAY_GRADE_LEVEL,
406,BA_HCM,wf_HCM_Daily,,legacy,SAP_POSITION_HIST,
407,BA_HCM,wf_HCM_Daily,,legacy,STORE_DEPT,
408,BA_HCM,wf_HCM_Daily,,legacy,TERMINATION_REASON,
410,BA_Dimension,bs_Demand_Dim,,legacy,BRAND,
411,BA_Dimension,bs_Demand_Dim,,legacy,BUYER,
412,BA_Dimension,bs_Demand_Dim,,legacy,HTS,
413,BA_Dimension,bs_Demand_Dim,,legacy,LISTING_DAY,
414,BA_Dimension,bs_Demand_Dim,,legacy,LISTING_HST,
415,BA_Dimension,bs_Demand_Dim,,legacy,MERCHCAT,
416,BA_Dimension,bs_Demand_Dim,,legacy,NATIONAL_COST_DAY,
417,BA_Dimension,bs_Demand_Dim,,legacy,NATIONAL_PRICE_DAY,
418,BA_Dimension,bs_Demand_Dim,,legacy,PB_DIRECTOR,
419,BA_Dimension,bs_Demand_Dim,,legacy,PB_HIERARCHY,
420,BA_Dimension,bs_Demand_Dim,,legacy,PB_MANAGER,
421,BA_Dimension,bs_Demand_Dim,,legacy,PO_COND,
422,BA_Dimension,bs_Demand_Dim,,legacy,PRICING_REASON,
423,BA_Dimension,bs_Demand_Dim,,legacy,PRIMARY_VENDOR,
424,BA_Dimension,bs_Demand_Dim,bs_Demand_Dim; bs_Dim_Updates,legacy,PRODUCT,
425,BA_Dimension,bs_Demand_Dim,,legacy,PRODUCT_HISTORY,
426,BA_Dimension,bs_Demand_Dim,,legacy,PRODUCT_OLD,
427,BA_Dimension,bs_Demand_Dim,,legacy,PURCH_GROUP,
428,BA_Dimension,bs_Demand_Dim,bs_Demand_Dim; bs_GL_Daily; wf_Pricing_Hierarchy,legacy,SAP_CATEGORY,
429,BA_Dimension,bs_Demand_Dim,,legacy,SAP_CLASS,
430,BA_Dimension,bs_Demand_Dim,,legacy,SAP_DEPT,
431,BA_Dimension,bs_Demand_Dim,,legacy,SAP_DIVISION,
432,BA_Dimension,bs_Demand_Dim,,legacy,SIGN_TYPE,
433,BA_Dimension,bs_Demand_Dim,,legacy,SKU_CASE_DIM,
434,BA_Dimension,bs_Demand_Dim,bs_Demand_Dim; bs_Dim_Updates; bs_Dimension,legacy,SKU_PROFILE,
435,BA_Dimension,bs_Demand_Dim,,legacy,SKU_PROFILE_HIST,
436,BA_Dimension,bs_Demand_Dim,bs_Demand_Dim; bs_Dim_Updates; bs_Dimension,legacy,SKU_PROFILE_RPT,
437,BA_Dimension,bs_Demand_Dim,,legacy,SKU_SITE_PROFILE,
438,BA_Dimension,bs_Demand_Dim,,legacy,SKU_STATUS,
439,BA_Dimension,bs_Demand_Dim,,legacy,SKU_STORE_COST_DAY,
440,BA_Dimension,bs_Demand_Dim,,legacy,SKU_STORE_PRICE_DAY,
441,BA_Dimension,bs_Demand_Dim,,legacy,SKU_STORE_VENDOR_DAY,
442,BA_Dimension,bs_Demand_Dim,,legacy,SKU_UOM,
443,BA_Dimension,bs_Demand_Dim,,legacy,SKU_VENDOR_DAY,
444,BA_Dimension,bs_Demand_Dim,,legacy,SUPPLY_CHAIN,
445,BA_Dimension,bs_Demand_Dim,,legacy,TAX_CLASS,
446,BA_Dimension,bs_Demand_Dim,,legacy,UOM,
447,BA_Dimension,bs_Demand_Dim,,legacy,VALUATION_CLASS,
448,BA_Dimension,bs_Demand_Dim,,legacy,VENDOR_MINIMUM,
449,BA_Dimension,bs_Demand_Dim,,legacy,VENDOR_PO_COND,
450,BA_Dimension,bs_Demand_Dim,,legacy,VENDOR_SITE_PO_COND,
451,BA_Demand_Planning,bs_Demand_Planning_Day,,legacy,DP_SITE_VEND_PROFILE,
452,BA_Demand_Planning,bs_Demand_Planning_Day,,legacy,DP_SKU_LINK,
453,BA_Demand_Planning,bs_Demand_Planning_Day,,legacy,SAP_SKU_LINK_TYPE,
454,BA_Dimension,bs_Dim_Updates,,legacy,LOC_HIER_LVL,
457,BA_Dimension,bs_Dim_Updates,bs_Dim_Updates; bs_Dimension; bs_Sales_Agg_2,legacy,SITE_PROFILE_RPT,
460,BA_Dimension,bs_Dimension,,legacy,ARTICLE_CATEGORY,
461,BA_Dimension,bs_Dimension,,legacy,CURRENCY,
462,BA_Dimension,bs_Dimension,,legacy,CURRENCY_DAY,
463,BA_Dimension,bs_Dimension,,legacy,DISTRICT,
464,BA_Dimension,bs_Dimension,,legacy,DM_DEPT_SEGMENTS,
465,BA_Dimension,bs_Dimension,,legacy,EQUINE_MERCH,
467,BA_Dimension,bs_Dimension,,legacy,LOCATION_OLD,
468,BA_Dimension,bs_Dimension,,legacy,MERCHCAT_ORG,
469,BA_Dimension,bs_Dimension,,legacy,MERCHDEPT_ORG,
470,BA_Dimension,bs_Dimension,,legacy,MOVE_REASON,
471,BA_Dimension,bs_Dimension,,legacy,MOVE_TYPE,
472,BA_Dimension,bs_Dimension,bs_Dimension; bs_Movement_Daily,legacy,MOVEMENT_INFO,
473,BA_Dimension,bs_Dimension,,legacy,PRICE_AD_ZONE,
474,BA_Dimension,bs_Dimension,,legacy,PRICE_ZONE,
475,BA_Dimension,bs_Dimension,,legacy,PRODUCT_ATTRIBUTE_MV,
476,BA_Dimension,bs_Dimension,,legacy,REGION,
477,BA_Dimension,bs_Dimension,,legacy,SAP_ATT_CODE,
478,BA_Dimension,bs_Dimension,,legacy,SAP_ATT_TYPE,
479,BA_Dimension,bs_Dimension,,legacy,SAP_ATT_VALUE,
480,BA_Dimension,bs_Dimension,,legacy,SAP_ATTRIBUTE,
481,BA_Dimension,bs_Dimension,,legacy,SAP_HIERARCHY,
482,BA_Dimension,bs_Dimension,,legacy,SHIPPER_DETAIL,
485,BA_Dimension,bs_Dimension,,legacy,SKU_CONTAINER,
486,BA_Dimension,bs_Dimension,,legacy,SKU_FLAVOR,
487,BA_Dimension,bs_Dimension,,legacy,SKU_HAZMAT,
490,BA_Dimension,bs_Dimension,,legacy,SUPER_REGION,
491,BA_Dimension,bs_Dimension,bs_Dimension; bs_Sales_Detail_1,legacy,UPC,
492,BA_Dimension,bs_Dimension,,legacy,VENDOR_INCO_TERM,
493,BA_Dimension,bs_Dimension,,legacy,VENDOR_PAYMENT_TERM,
494,BA_Dimension,bs_Dimension,,legacy,VENDOR_PROFILE,
495,BA_Dimension,bs_Dimension,,legacy,VENDOR_PROFILE_RPT,
496,BA_Dimension,bs_Dimension,,legacy,ZDISCO_MKDN_SCHED,
497,BA_Dimension,bs_Dimension,,legacy,ZDISCO_SCHED_TYPE,
498,BA_Financials,bs_GL_Daily,,legacy,GL_ACCOUNT,
499,BA_Financials,bs_GL_Daily,,legacy,GL_ACCT_GRP,
500,BA_Financials,bs_GL_Daily,,legacy,GL_ACTUAL_DAY,
501,BA_Financials,bs_GL_Daily,,legacy,GL_ACTUAL_DAY_DETAIL,
502,BA_Financials,bs_GL_Daily,,legacy,GL_ACTUAL_MONTH,
503,BA_Financials,bs_GL_Daily,,legacy,GL_CATEGORY,
504,BA_Financials,bs_GL_Daily,,legacy,GL_DOC_TYPE,
505,BA_Financials,bs_GL_Daily,bs_GL_Daily; bs_GL_Forecast_Weekly,legacy,GL_PLAN_FORECAST_MONTH,
506,BA_Financials,bs_GL_Daily,bs_GL_Daily; bs_GL_Forecast_Weekly,legacy,GL_PROFIT_CENTER,
508,BA_Financials,bs_GL_Forecast_Weekly,,legacy,GL_EXCHANGE_RATE,
509,BA_Financials,bs_GL_Forecast_Weekly,,legacy,GL_PLAN_FORECAST_DAY,
512,BA_Inventory,bs_Inventory_Day,,legacy,INV_HOLES_COUNT,
513,BA_Inventory,bs_Inventory_Day,,legacy,INV_INSTOCK_PRICE_DAY,
514,BA_Inventory,bs_Inventory_Day,,legacy,INV_SKU_STORE,
515,BA_Inventory,bs_Inventory_Week,,legacy,INV_INSTOCK_PRICE_WK,
516,BA_Inventory,bs_Inventory_Week,,legacy,INV_LOC_WK,
517,BA_Inventory,bs_Inventory_Week,,legacy,INVENTORY_WEEK_SKU,
518,BA_Inventory,bs_Inventory_Week,,legacy,INVENTORY_WEEK_STORE,
519,BA_Audit_and_Control,bs_Loss_Prevention,bs_Loss_Prevention; bs_Sales_Detail_1; wf_CashOffice_LP,legacy,LP_EMPL_UNKNOWN,
520,BA_Mvmt_Purch,bs_Movement_Daily,,legacy,DEMAND_DAY,
521,BA_Mvmt_Purch,bs_Movement_Daily,,legacy,MOVEMENT_DAY,
523,BA_Mvmt_Purch,bs_Movement_Daily,,legacy,MVMT_DAY_LOC_DEPT,
524,BA_Mvmt_Purch,bs_Movement_Daily,,legacy,MVMT_REPL_DAY,
525,BA_Mvmt_Purch,bs_Movement_Daily,,legacy,MVMT_REPL_SOURCE_VENDOR_ID_UPD,
526,BA_Mvmt_Purch,bs_Movement_Daily,,legacy,MVMT_REPL_WEEK,
527,BA_Mvmt_Purch,bs_Movement_Daily,,legacy,MVMT_WK_LOC_DEPT,
528,BA_Inventory,bs_phys_inv,,legacy,PHYS_INV_CURRENT,
529,BA_Inventory,bs_phys_inv,,legacy,PHYS_INV_HISTORY,
530,BA_Spatial,bs_pog_agg,,legacy,SALES_INV_WEEK_POG,
531,BA_Spatial,bs_pog_agg,,legacy,SALES_INV_WEEK_SKU_STORE_POG,
532,BA_Spatial,bs_pog_agg,,legacy,SALES_INV_WEEK_STORE_POG,
533,BA_Spatial,bs_pog_IKB,,legacy,IKB_FLR_FLOORPLAN,
534,BA_Spatial,bs_pog_IKB,,legacy,PLANOGRAM_PRO,
535,BA_Spatial,bs_pog_IKB,,legacy,POG_FIXTURE,
536,BA_Spatial,bs_pog_IKB,,legacy,POG_NBR_LKP,
537,BA_Spatial,bs_pog_IKB,,legacy,POG_PROJECT,
538,BA_Spatial,bs_pog_IKB,,legacy,POG_SKU_PRO,
539,BA_Spatial,bs_pog_IKB,,legacy,POG_SKU_PRO_WEEK,
540,BA_Spatial,bs_pog_IKB,,legacy,POG_SKU_UOM,
541,BA_Spatial,bs_pog_IKB,,legacy,POG_STORE_PRO,
542,BA_Spatial,bs_pog_IKB,,legacy,POG_STORE_PRO_WEEK,
543,BA_Spatial,bs_pog_sku_store_pro_mv,,legacy,POG_SKU_STORE_PRO,
544,BA_Mvmt_Purch,bs_Purchases_Cleanup,bs_Purchases_Cleanup; wf_Purchase_Order,legacy,PURCHASES,
545,BA_Mvmt_Purch,bs_Purchases_Weekly,,legacy,PURCH_PERF,
546,BA_Dimension,bs_Replenishment_Profile,,legacy,POG_PROMO_HOLD,
547,BA_Dimension,bs_Replenishment_Profile,,legacy,POG_SKU_STORE,
548,BA_Dimension,bs_Replenishment_Profile,,legacy,REPLENISHMENT_DAY,
549,BA_Dimension,bs_Replenishment_Profile,,legacy,REPLENISHMENT_PROFILE,
550,BA_Dimension,bs_Replenishment_Profile,,legacy,SITE_GROUP_DAY,
551,BA_Sales_Agg,bs_Sales_Agg_2,,legacy,DAYS_TY_LY,
552,BA_Sales_Agg,bs_Sales_Agg_2,,legacy,DISCOUNTS_DAY_STORE,
553,BA_Sales_Agg,bs_Sales_Agg_2,,legacy,DW_LOCATION_LOG,
554,BA_Sales_Agg,bs_Sales_Agg_2,,legacy,MERCH_DISCOUNT_DAY,
555,BA_Sales_Agg,bs_Sales_Agg_2,,legacy,SALES_COMPONENT_TYPE,
556,BA_Sales_Agg,bs_Sales_Agg_2,bs_Sales_Agg_2; wf_Sales_Agg_Sunday,legacy,SALES_DAY_DEPT_STORE,
557,BA_Sales_Agg,bs_Sales_Agg_2,,legacy,SALES_DAY_LOYAL_DISC,
558,BA_Sales_Agg,bs_Sales_Agg_2,bs_Sales_Agg_2; wf_sales_day_sku_rpt_RESTATE,legacy,SALES_DAY_SKU_RPT,
559,BA_Sales_Agg,bs_Sales_Agg_2,,legacy,SALES_DAY_SKU_STORE,
560,BA_Sales_Agg,bs_Sales_Agg_2,,legacy,SALES_DAY_SKU_STORE_RPT,
561,BA_Sales_Agg,bs_Sales_Agg_2,,legacy,SALES_DAY_STORE_PAY,
562,BA_Sales_Agg,bs_Sales_Agg_2,,legacy,SALES_DAY_STORE_RPT,
563,BA_Sales_Agg,bs_Sales_Agg_2,,legacy,SALES_DAY_TXN_STORE,
564,BA_Sales_Agg,bs_Sales_Agg_2,,legacy,SALES_SKU_STORE,
565,BA_Sales_Agg,bs_Sales_Agg_2,,legacy,SALES_STORE,
568,BA_Sales_Agg,bs_Sales_Agg_2,,legacy,SALES_TRANS_SVCS_BUNDLE_UPC,
569,BA_Sales_Agg,bs_Sales_Agg_2,bs_Sales_Agg_2; wf_Sales_Agg_Sunday,legacy,SALES_WK_DEPT_STORE,
570,BA_Sales_Agg,bs_Sales_Agg_2,bs_Sales_Agg_2; wf_Sales_Agg_Sunday,legacy,SALES_WK_TXN_STORE,
572,BA_Sales_Agg,bs_Sales_Agg_2,,legacy,SLSCMP_STORE,
573,BA_Sales_Agg,bs_Sales_Agg_2,,legacy,TRANS_SKU,
574,BA_Sales_Detail,bs_Sales_Detail_1,bs_Sales_Detail_1; wf_PCH_UDH_to_BI,legacy,ADOPTION_GROUP,
575,BA_Sales_Detail,bs_Sales_Detail_1,,legacy,AMS_OFFER_CHARGEBACK,
576,BA_Sales_Detail,bs_Sales_Detail_1,,legacy,AUTHORIZATION_APPROVAL,
578,BA_Sales_Detail,bs_Sales_Detail_1,,legacy,GS1_CPN,
580,BA_Sales_Detail,bs_Sales_Detail_1,,legacy,REGISTER,
581,BA_Sales_Detail,bs_Sales_Detail_1,,legacy,SMS_STORE_ROLLOUT,
582,BA_Sales_Detail,bs_Sales_Detail_1,,legacy,TAX_EXEMPT,
584,BA_Sales_Detail,bs_Sales_Detail_1,,legacy,ZIPCODE,
585,BA_Sales_Detail,bs_Sales_Detail_2,,legacy,GC_TRANS_TXN,
586,BA_Sales_Detail,bs_Sales_Detail_2,,legacy,GSI_CUSTOMER,
587,BA_Sales_Detail,bs_Sales_Detail_2,,legacy,LP_POS_SALES_VOID,
588,BA_Sales_Detail,bs_Sales_Detail_2,,legacy,POS_TXN_GC_CASHOUT,cust_sensitive.pos_txn_gc_cashout_lgcy
589,BA_Sales_Detail,bs_Sales_Detail_2,,legacy,POS_TXN_POST_VOID,
590,BA_Sales_Detail,bs_Sales_Detail_2,,legacy,POS_TXN_REG_TOTALS,
591,BA_Sales_Detail,bs_Sales_Detail_2,,legacy,POS_TXN_TAX,
592,BA_Sales_Detail,bs_Sales_Detail_2,,legacy,SALES_INSTANCE_SKEY,
593,BA_Sales_Detail,bs_Sales_Detail_2,,legacy,SALES_TRANS_ADOPTION,
594,BA_Sales_Detail,bs_Sales_Detail_2,,legacy,SALES_TRANS_CLEARANCE,
595,BA_Sales_Detail,bs_Sales_Detail_2,,legacy,SALES_TRANS_COUPON,
596,BA_Sales_Detail,bs_Sales_Detail_2,,legacy,SALES_TRANS_CUST,
597,BA_Sales_Detail,bs_Sales_Detail_2,,legacy,SALES_TRANS_DISCOUNT,
598,BA_Sales_Detail,bs_Sales_Detail_2,,legacy,SALES_TRANS_GIFT_CARD,
599,BA_Sales_Detail,bs_Sales_Detail_2,,legacy,SALES_TRANS_GSI_PROMO,
600,BA_Sales_Detail,bs_Sales_Detail_2,,legacy,SALES_TRANS_ORD_BILL,
601,BA_Sales_Detail,bs_Sales_Detail_2,,legacy,SALES_TRANS_ORD_SHIP,cust_sensitive.sales_trans_ord_ship_lgcy
602,BA_Sales_Detail,bs_Sales_Detail_2,,legacy,SALES_TRANS_ORD_SKU,
603,BA_Sales_Detail,bs_Sales_Detail_2,,legacy,SALES_TRANS_ORDER,
604,BA_Sales_Detail,bs_Sales_Detail_2,,legacy,SALES_TRANS_PAYMENT,cust_sensitive.sales_trans_payment_lgcy
605,BA_Sales_Detail,bs_Sales_Detail_2,,legacy,SALES_TRANS_POS_PROMO,
606,BA_Sales_Detail,bs_Sales_Detail_2,,legacy,SALES_TRANS_REG_SKU,
607,BA_Sales_Detail,bs_Sales_Detail_2,,legacy,SALES_TRANS_RETURN,cust_sensitive.sales_trans_return_lgcy
608,BA_Sales_Detail,bs_Sales_Detail_2,,legacy,SALES_TRANS_SPECIAL,
609,BA_Sales_Detail,bs_Sales_Detail_2,,legacy,SALES_TRANS_TRAIN,
610,BA_Sales_Detail,bs_Sales_Detail_2,bs_Sales_Detail_2; wf_Loyalty_Points_to_Sales,legacy,SALES_TRANS_TXN,
611,BA_Sales_Detail,bs_Sales_Detail_2,,legacy,SALES_TRANS_UPC,
612,BA_Sales_Detail,bs_Sales_Detail_2,,legacy,SALES_TRANS_UPC_COUPON_ALLOC,
613,BA_Sales_Detail,bs_Sales_Detail_2,,legacy,SALES_TRANS_UPC_OFFER,
614,BA_Sales_Detail,bs_Sales_Detail_2,,legacy,TRAIN_PET_OCCUPANCY,
615,BA_Dimension,bs_Square_Footage,,legacy,LOCATION_AREA,
616,DH_Customer,wf_ACX_Consumer_Link,,legacy,ACX_CONSUMER_LINK_CONSOLIDATED_HIST,
617,DH_Customer,wf_ACX_Consumer_Link,,legacy,ACX_CONSUMER_LINK_UPDATE_HIST,
618,BA_Digital,wf_Allivet_To_EDW_Daily,,legacy,ALLIVET_INVOICE_DAY,
619,BA_Digital,wf_Allivet_To_EDW_Daily,,legacy,ALLIVET_ORDER_DAY,
620,BA_Digital,wf_Allivet_To_EDW_Daily,,legacy,ALLIVET_ORDER_STATUS_DAY,
621,BA_Digital,wf_Allivet_To_EDW_Daily,,legacy,ALLIVET_SYSTEM_AUDIT_DAY,
622,INT_Marketing,wf_AMS_Issuance,,legacy,AMS_ISSUANCE_RAW,
623,INT_Marketing,wf_AMS_Issuance,,legacy,AMS_ISSUANCE_TXN,
625,INT_Marketing,wf_AMS_Offer_Master,,legacy,AMS_CUST_GROUP,
626,INT_Marketing,wf_AMS_Offer_Master,,legacy,AMS_DISC_EVAL_TYPE,
627,INT_Marketing,wf_AMS_Offer_Master,,legacy,AMS_DISCOUNT_AMT_TYPE,
628,INT_Marketing,wf_AMS_Offer_Master,,legacy,AMS_DISCOUNT_TYPE,
629,INT_Marketing,wf_AMS_Offer_Master,,legacy,AMS_LOCATION_GROUP,
630,INT_Marketing,wf_AMS_Offer_Master,,legacy,AMS_LOCATION_GROUP_STORE,
631,INT_Marketing,wf_AMS_Offer_Master,,legacy,AMS_OFFER,
632,INT_Marketing,wf_AMS_Offer_Master,,legacy,AMS_OFFER_CATEGORY,
633,INT_Marketing,wf_AMS_Offer_Master,,legacy,AMS_OFFER_CUST_GROUP,
634,INT_Marketing,wf_AMS_Offer_Master,,legacy,AMS_OFFER_DISCOUNT,
635,INT_Marketing,wf_AMS_Offer_Master,,legacy,AMS_OFFER_LOCATION_GROUP,
636,INT_Marketing,wf_AMS_Offer_Master,,legacy,AMS_OFFER_LOCATION_GROUP_STORE,
637,INT_Marketing,wf_AMS_Offer_Master,,legacy,AMS_OFFER_PRINTED_MSG,
638,INT_Marketing,wf_AMS_Offer_Master,,legacy,AMS_OFFER_PRODUCT_GROUP,
639,INT_Marketing,wf_AMS_Offer_Master,,legacy,AMS_OFFER_PRODUCT_GROUP_UPC,
640,INT_Marketing,wf_AMS_Offer_Master,,legacy,AMS_OFFER_RPT,
641,INT_Marketing,wf_AMS_Offer_Master,,legacy,AMS_OFFER_STATUS,
642,INT_Marketing,wf_AMS_Offer_Master,,legacy,AMS_OFFER_TRIGGER,
643,INT_Marketing,wf_AMS_Offer_Master,,legacy,AMS_PRINTED_MSG_TYPE,
644,INT_Marketing,wf_AMS_Offer_Master,,legacy,AMS_PRODUCT_GROUP,
645,INT_Marketing,wf_AMS_Offer_Master,,legacy,AMS_PRODUCT_GROUP_UPC,
646,INT_Marketing,wf_AMS_Offer_Master,,legacy,AMS_QTY_UNIT_TYPE,
647,INT_Marketing,wf_AMS_Offer_Submission,,legacy,AMS_OFFER_SUBMISSION,
648,BA_Mvmt_Purch,wf_ASN_Reject_Reason,,legacy,ASN_REJECT_RSN,
649,BA_Portal_Integration,wf_banfield_kpis,,legacy,BANFIELD_KPIS,
650,BA_Portal_Integration,wf_banfield_kpis,,legacy,BANFIELD_KPIS_HIST,
651,BA_Portal_Integration,wf_banfield_kpis,,legacy,BANFIELD_SITE,
652,BA_Dimension,wf_carrier_profile,,legacy,CARRIER_PROFILE,
653,BA_StoreOps,wf_CASE_Extract,,legacy,CASE_EMPL_PROFILE_HIST,
654,BA_StoreOps,wf_CASE_Extract,,legacy,CASE_STR_OPN_CLS_HIST,
655,BA_Financials,wf_CashOffice_LP,,legacy,CO_DEPOSIT,
656,BA_Financials,wf_CashOffice_LP,,legacy,CO_HEADER,
657,BA_Financials,wf_CashOffice_LP,,legacy,CO_TENDER_TOTAL,
658,BA_Financials,wf_CashOffice_LP,,legacy,CO_VARIANCE,
660,BA_Financials,wf_CashOffice_LP,,legacy,LP_TENDER_DAY,
661,BA_Financials,wf_CashOffice_LP,,legacy,LP_TENDER_VAR_DAY,
662,INT_Merchandising,WF_CKB_EDW_POGITEMSTORE_REPORTING_LOAD,,legacy,CKB_FLR_FIXTURE,
663,INT_Merchandising,WF_CKB_EDW_POGITEMSTORE_REPORTING_LOAD,,legacy,CKB_FLR_FLOORPLAN,
664,INT_Merchandising,WF_CKB_EDW_POGITEMSTORE_REPORTING_LOAD,,legacy,CKB_FLR_PERFORMANCE,
665,INT_Merchandising,WF_CKB_EDW_POGITEMSTORE_REPORTING_LOAD,,legacy,CKB_FLR_SECTION,
666,INT_Merchandising,WF_CKB_EDW_POGITEMSTORE_REPORTING_LOAD,,legacy,CKB_LIVE_FUTURE_KEYS,
667,INT_Merchandising,WF_CKB_EDW_POGITEMSTORE_REPORTING_LOAD,,legacy,CKB_SPC_FIXTURE,
668,INT_Merchandising,WF_CKB_EDW_POGITEMSTORE_REPORTING_LOAD,,legacy,CKB_SPC_PERFORMANCE,
669,INT_Merchandising,WF_CKB_EDW_POGITEMSTORE_REPORTING_LOAD,,legacy,CKB_SPC_PLANOGRAM,
670,INT_Merchandising,WF_CKB_EDW_POGITEMSTORE_REPORTING_LOAD,,legacy,CKB_SPC_POSITION,
671,INT_Merchandising,WF_CKB_EDW_POGITEMSTORE_REPORTING_LOAD,,legacy,CKB_SPC_PRODUCT,
672,INT_Merchandising,WF_CKB_EDW_POGITEMSTORE_REPORTING_LOAD,,legacy,CKB_SPC_SEGMENT,
673,INT_Merchandising,WF_CKB_EDW_POGITEMSTORE_REPORTING_LOAD,,legacy,CKB_STR_STORE,
674,INT_Merchandising,WF_CKB_EDW_POGITEMSTORE_REPORTING_LOAD,,legacy,CKB_STR_STORE_FLOORPLAN,
675,INT_Merchandising,wf_CKB_Planner_Facing_Detail,,legacy,CKB_PLANNER_DETAIL_HIST,
676,INT_Merchandising,wf_ckb_spc_rpt,,legacy,CKB_SPC_RPT,
677,BA_Mobile,wf_cma_pet_training_sku,,legacy,CMA_USR_PET_TRAINING_SKU,
678,BA_Store_Ops,wf_conversion_dashboard_enablement,,legacy,STORE_APP_CONVERSION_DASHBOARD_ENABLED,
679,BA_Store_Ops,wf_conversion_dashboard_enablement,,legacy,STORE_APP_MOBILE_CONFIG,
680,DH_Master_Data,wf_Cube_Trigger_Service,,legacy,USR_TGR_CUBE_SERVICE_STATUS,
681,DH_Customer,wf_Cust_Sls_Profile,,legacy,CUSTOMER_SALES_PROFILE,
682,BA_Dimension,wf_date_type,,legacy,DATE_TYPE_DAY,
683,BA_Dimension,wf_date_type,,legacy,DATE_TYPE_LKUP,
684,BA_Dimension,wf_date_type,,legacy,DATE_TYPE_WEEK951,
685,BA_Digital,wf_Digital_Forecast,,legacy,DIGITAL_FORECAST_DAY,
686,BA_Digital,wf_Digital_Forecast,,legacy,DIGITAL_FORECAST_WEEK,
687,BA_Digital,wf_Digital_Plan,,legacy,DIGITAL_PLAN_DAY,
688,BA_Digital,wf_Digital_Plan,,legacy,DIGITAL_PLAN_WEEK,
689,BA_Merchandising,wf_Digital_Plan_Fcast_Dept_Wk,,legacy,DIGITAL_PLAN_FCAST_DEPT_WK,
690,BA_Digital,wf_Digital_Plan_Forecast_DOW_Ref,,legacy,DIGITAL_PLAN_FORECAST_DOW_REF,
691,BA_Digital,wf_Digital_Sales_Plan_Day,,legacy,DIGITAL_SALES_PLAN_DAY,
692,BA_Dimension,wf_DIM_replicate_NCAST_DATA,,legacy,PURCH_GROUP_VENDOR,
693,BA_Digital,wf_DoorDash_Fraudulent_Claims,,legacy,DD_TXN_STATUS,
694,BA_Digital,wf_DoorDash_MarketPlace,,legacy,DD_MARKETPLACE_SETTLED_TXN,
695,BA_Digital,wf_DoorDash_MarketPlace_Demand_SKU,,legacy,DD_MARKETPLACE_DEMAND_SKU,
696,BA_Digital,wf_DoorDash_MarketPlace_Mthly_Invc,wf_DoorDash_MarketPlace_Mthly_Invc; wf_DoorDash_Marketplace_Outbound,legacy,DD_MARKETPLACE_INVOICE_HIST,
697,BA_Digital,wf_DoorDash_MarketPlace_Mthly_Invc,,legacy,DD_MARKETPLACE_MTHLY_INVOICE,
699,BA_Sales_Detail,wf_e_gift_certificate,,legacy,E_GIFT_CERT_SMRY,
700,BA_Sales_Detail,wf_e_gift_certificate,,legacy,E_GIFT_CERT_TXN,
701,BA_EDI,wf_edi_852,,legacy,EDI_852_DETAIL,
702,BA_EDI,wf_edi_852,,legacy,EDI_852_DETAIL_HIST,
703,BA_EDI,wf_edi_852,,legacy,EDI_852_SCHED_DAY,
704,BA_EDI,wf_edi_852,,legacy,EDI_852_SKU_DETAIL,
705,BA_EDI,wf_edi_852,,legacy,EDI_852_SKU_DTL_HIST,
706,BA_EDI,wf_edi_852_vendor,,legacy,EDI_852_VENDORS,
707,BA_Education,wf_EDU_Skillsoft_Learning_Exemptions,wf_EDU_Skillsoft_Learning_Exemptions; wf_skillsoft_ACM,legacy,EDU_CERT_DAILY_CONS,
708,BA_Education,wf_EDU_Skillsoft_Learning_Exemptions,wf_EDU_Skillsoft_Learning_Exemptions; wf_ORA2NZ_EDU_Replication_Daily,legacy,EDU_CERT_SUMMARY,
709,BA_Education,wf_EDU_Skillsoft_Learning_Exemptions,wf_EDU_Skillsoft_Learning_Exemptions; wf_skillsoft_ACM,legacy,EDU_CERT_SUMMARY_CONS,
710,BA_Education,wf_EDU_Skillsoft_Learning_Exemptions,,legacy,EDU_SKILLSOFT_LEARNING_EXEMPTIONS,
711,BA_HCM,wf_EDW_Banfield_Employee,,refine,BANFIELD_EMPLOYEE,
712,BA_Dimension,wf_EDW_EDH_date_lookup_load,,legacy,CYR_LYR_WEEKS,
713,BA_Dimension,wf_EDW_EDH_date_lookup_load,wf_EDW_EDH_date_lookup_load; wf_svcs_post_trigger,legacy,DAYS,
714,BA_Dimension,wf_EDW_EDH_date_lookup_load,,legacy,LQTR_WEEKS,
715,BA_Dimension,wf_EDW_EDH_date_lookup_load,,legacy,LWK_DAYS,
716,BA_Dimension,wf_EDW_EDH_date_lookup_load,,legacy,LWK_WEEKS,
717,BA_Dimension,wf_EDW_EDH_date_lookup_load,,legacy,LYR_DAYS,
718,BA_Dimension,wf_EDW_EDH_date_lookup_load,,legacy,LYR_MTD_WEEKS,
719,BA_Dimension,wf_EDW_EDH_date_lookup_load,,legacy,LYR_WEEKS,
720,BA_Dimension,wf_EDW_EDH_date_lookup_load,,legacy,MONTHS,
721,BA_Dimension,wf_EDW_EDH_date_lookup_load,,legacy,MTD_DAYS,
722,BA_Dimension,wf_EDW_EDH_date_lookup_load,,legacy,MTD_WEEKS,
723,BA_Dimension,wf_EDW_EDH_date_lookup_load,,legacy,QTD_WEEKS,
724,BA_Dimension,wf_EDW_EDH_date_lookup_load,,legacy,WEEKS,
725,BA_Dimension,wf_EDW_EDH_date_lookup_load,,legacy,WK13_WEEKS,
726,BA_Dimension,wf_EDW_EDH_date_lookup_load,,legacy,WK16_WEEKS,
727,BA_Dimension,wf_EDW_EDH_date_lookup_load,,legacy,WK26_WEEKS,
728,BA_Dimension,wf_EDW_EDH_date_lookup_load,,legacy,WK4_WEEKS,
729,BA_Dimension,wf_EDW_EDH_date_lookup_load,,legacy,WK52_WEEKS,
730,BA_Dimension,wf_EDW_EDH_date_lookup_load,,legacy,WK8_WEEKS,
731,BA_Dimension,wf_EDW_EDH_date_lookup_load,,legacy,WTD_DAYS,
732,BA_Dimension,wf_EDW_EDH_date_lookup_load,,legacy,YEARS,
733,BA_Dimension,wf_EDW_EDH_date_lookup_load,,legacy,YTD_WEEKS,
734,BA_EMS,wf_EM_Cost_Price_ProductDay,,legacy,EMS_COST_PRODUCT_DAY,
735,BA_EMS,wf_EM_Cost_Price_ProductDay,,legacy,EMS_PRICE_PRODUCT_DAY,
736,BA_EMS,wf_EM_EPC_Label,,legacy,EM_AMS_DISCOUNT_TYPE,
737,BA_EMS,wf_EM_EPC_Label,,legacy,EM_AMS_OFFER_COUNTRY,
738,BA_EMS,wf_EM_EPC_Label,,legacy,EM_AMS_OFFER_LABEL,
739,BA_EMS,wf_EM_EPC_Label,,legacy,EM_AMS_OFFER_LIMIT_TYPE,
740,BA_EMS,wf_EM_EPC_Label,,legacy,EM_AMS_OFFER_SKU,
741,BA_EMS,wf_EM_EPC_Label,,legacy,EM_AMS_OFFER_TIERED_PRICE,
742,BA_EMS,wf_EM_EPC_Label,,legacy,EM_AMS_SKU_GROUP_TYPE,
743,BA_EMS,wf_EM_EPC_Label,,legacy,EM_AMS_TEMPLATE_TYPE,
744,BA_EMS,wf_EM_EPC_Label,,legacy,EM_DISCLAIMER_TYPE,
745,DH_Customer,wf_Email_Capture_Load_CIDB,,legacy,EMAIL_CAPTURE,
746,BA_HCM,wf_empl_36hr_flag,,legacy,EMPL_36HR_FLAG,
747,BA_HCM,wf_empl_36hr_flag,,legacy,EMPL_PT_36HR_FLAG,
748,BA_Merchandising,wf_EP_Original_Plan,wf_EP_Original_Plan; wf_EP_Revised_Plan,legacy,EP_PLAN_CLASS_WK,
750,BA_EMS,wf_Event_Management,,legacy,EM_ACTIVITY,
751,BA_EMS,wf_Event_Management,,legacy,EM_ALLOCATION_SHIPPER_RPT,
752,BA_EMS,wf_Event_Management,,legacy,EM_DISCOUNT_TYPE,
753,BA_EMS,wf_Event_Management,,legacy,EM_DISP_LOC,
754,BA_EMS,wf_Event_Management,,legacy,EM_EVENT,
755,BA_EMS,wf_Event_Management,,legacy,EM_EVENT_ALLOC,
756,BA_EMS,wf_Event_Management,,legacy,EM_EVENT_SKU,
757,BA_EMS,wf_Event_Management,,legacy,EM_EVENT_SKU_ADV,
758,BA_EMS,wf_Event_Management,,legacy,EM_EVENT_SKU_CMNT,
759,BA_EMS,wf_Event_Management,,legacy,EM_EVENT_SKU_CONCAT_CMNT,
760,BA_EMS,wf_Event_Management,,legacy,EM_EVENT_SKU_RPT,
761,BA_EMS,wf_Event_Management,,legacy,EM_EVENT_SKU_SHPR,
762,BA_EMS,wf_Event_Management,,legacy,EM_EVENT_SKU_STORE,
763,BA_EMS,wf_Event_Management,,legacy,EM_SKU_DISP_LOC,
764,BA_EMS,wf_Event_Management,,legacy,EM_SKU_HOLDOUT,
765,BA_EMS,wf_Event_Management,,legacy,EM_STATUS_CODE,
766,BA_EMS,wf_Event_Management,,legacy,EM_STORE,
767,BA_EMS,wf_Event_Management,,legacy,EM_STORE_DISP_LOC,
768,BA_EMS,wf_Event_Management,,legacy,EM_VENDOR_FUNDING,
769,DH_Master_Data,wf_EXT_UserDataHub,,legacy,USR_EDEN_PRODUCT_GROUPS,
770,DH_Master_Data,wf_EXT_UserDataHub,,legacy,USR_EDEN_STORE_GROUPS,
771,DH_Master_Data,wf_EXT_UserDataHub,,legacy,USR_EMPLOYEE_PROMOS,
772,DH_Master_Data,wf_EXT_UserDataHub,,legacy,USR_HOLIDAY_PLAN_WK,
773,DH_Master_Data,wf_EXT_UserDataHub,,legacy,USR_HOLIDAY_SKU_BUY_YR,
774,DH_Master_Data,wf_EXT_UserDataHub,,legacy,USR_HOLIDAY_SKU_GROUPS,
775,DH_Master_Data,wf_EXT_UserDataHub,,legacy,USR_STORE_DIVISIONS,
776,DH_Master_Data,wf_EXT_UserDataHub,,legacy,USR_STORE_FLAG,
777,DH_Master_Data,wf_EXT_UserDataHub,,legacy,USR_STORE_THRESHOLD,
778,BA_SCM,wf_FOB_Lookup_tables_Load,,legacy,FOB_SHIPMENT_TRANSIT,
779,BA_SCM,wf_FOB_OPEN_PO_RPT_WK_HIST,wf_FOB_OPEN_PO_RPT_WK_HIST; wf_FOB_Rpt_Manual_Load,legacy,FOB_OPEN_PO_RPT_WK,
780,BA_SCM,wf_FOB_OPEN_PO_WK_HIST,,legacy,FOB_OPEN_PO_WK,
782,BA_SCM,wf_FOB_Shipment_Status,,legacy,FOB_OPEN_ORDER_WK,
783,BA_SCM,wf_FOB_Shipment_Status,,legacy,FOB_SHIPMENT_WK,
784,BA_Education,wf_GetSmart,,legacy,GS_POSITION,
785,BA_Education,wf_GetSmart,,legacy,GS_TRAINING,
786,BA_Education,wf_GetSmart,,legacy,GS_TRAINING_STATUS,
787,BA_Education,wf_GetSmart,,legacy,GS_TRAINING_TYPE,
788,BA_Education,wf_GetSmart,,legacy,GS_TRAVEL,
789,BA_Financials,wf_gift_card_recon,,legacy,GC_RECON_DETAIL,
790,BA_Financials,wf_GL_Project_Control,,legacy,GL_PROJECT,
791,BA_Financials,wf_GL_Project_Control,,legacy,GL_PROJECT_COST_DETAIL,
792,BA_Financials,wf_GL_Project_Control,,legacy,GL_PROJECT_DETAIL,
793,INT_Omni,wf_GoogleShoppingExpress,,legacy,GOOGLE_SHOP_STORES,
794,BA_Extracts,wf_hiresmart,,legacy,HS_EMPLOYEE,
795,BA_Extracts,wf_hiresmart,,legacy,HS_LOC,
796,BA_Extracts,wf_hiresmart,,legacy,HS_STORES,
797,BA_HCM,wf_Honorary_Designee,,refine,HONORARY_DESIGNEE,
798,BA_Incident_Management,wf_ic_wc_claims_CA,,legacy,IC_CA_CLAIMS,
799,BA_Incident_Management,wf_ic_wc_claims_CA,,legacy,IC_WC_CLAIMS,
800,BA_IHOP,wf_IHOP_Reporting,,legacy,IHOP_DC_HOLDOUTS_RPT,
801,BA_IHOP,wf_IHOP_Reporting,,legacy,IHOP_DETAIL_RPT,
802,BA_IHOP,wf_IHOP_Reporting,,legacy,IHOP_STORE_HOLDOUTS_RPT,
803,BA_IHOP,wf_IHOP_Reporting,,legacy,IHOP_VENDORS_DIST_TRUCKS,
804,INT_Merchandising,wf_IKB_Catalogs,,legacy,POG_GROUP,
805,INT_Merchandising,wf_IKB_Catalogs,,legacy,POG_SKU_VERSION,
806,INT_Merchandising,wf_IKB_Catalogs,,legacy,POG_VERSION,
807,INT_Merchandising,wf_IKB_ODS_Daily,,legacy,FLOOR_FIXTURE,
808,INT_Merchandising,wf_IKB_ODS_Daily,,legacy,FLOORPLAN_VERSION,
809,INT_Merchandising,wf_IKB_ODS_Daily,,legacy,IKB_STATUS,
810,INT_Merchandising,wf_IKB_ODS_Daily,,legacy,POG_FLOOR_FIXTURE_SECTION,
811,INT_Merchandising,wf_IKB_ODS_Daily,,legacy,POG_FLOOR_VERSION,
812,INT_Merchandising,wf_IKB_ODS_Daily,,legacy,POG_GROUP_EXCLUSION_LIST,
813,INT_Merchandising,wf_IKB_ODS_Daily,,legacy,POG_GROUP_INCLUSION_LIST,
814,INT_Merchandising,wf_IKB_ODS_Daily,,legacy,POG_GROUP_VERSION,
815,BA_Incident_Management,wf_im_Sedgwick,,legacy,INC_MGMT_SETUPDT,
816,BA_Inventory,wf_Inv_Physical,,legacy,INV_PHYS_OVERSTOCK_LOC,
817,BA_Inventory,wf_Inv_Physical,,legacy,INV_PHYSICAL,
818,INT_DIGITAL,wf_Inv_Protection_Level,,legacy,DIGITAL_INV_PROTECTION_LEVEL,
819,BA_Inventory,wf_Inventory_Pre,,legacy,INV_UNAVAILABLE_HIST,
820,BA_StratPlan,wf_IRI_Item_Out,,legacy,SALES_INSTANCE_CUST_ETL_CTRL,
821,INT_Merchandising,WF_ItemLiveAndPendingList,,legacy,FP_SKU_CHANGE_STATUS_WEEK,
822,INT_Merchandising,WF_ItemLiveAndPendingList,,legacy,FP_SKU_CHANGE_STATUS_WEEK_PREVIOUS,
823,INT_Merchandising,WF_ItemLiveAndPendingList,,legacy,FP_SKU_CURRENT_LAST_STATUS,
824,INT_Merchandising,WF_ItemLiveAndPendingList,,legacy,IKB_PROJECT_CALENDAR,
825,INT_Merchandising,WF_ItemLiveAndPendingList,,legacy,IKB_SNAPSHOT_DAY,
826,INT_Merchandising,WF_ItemLiveAndPendingList,,legacy,POG_QUINTILE_WEEK_PERFORMANCE,
827,BA_Dimension,wf_Label_Price_ACTUAL,wf_Label_Price_ACTUAL; wf_Label_Price_ADVANCE,legacy,LABEL_DAY_STORE_SKU,
828,BA_Dimension,wf_Label_Price_ACTUAL,wf_Label_Price_ACTUAL; wf_Label_Price_ADVANCE,legacy,LABEL_POG_TYPE,
829,BA_Dimension,wf_Label_Price_ACTUAL,wf_Label_Price_ACTUAL; wf_Label_Price_ADVANCE,legacy,LABEL_SIZE,
830,BA_Dimension,wf_Label_Price_ACTUAL,wf_Label_Price_ACTUAL; wf_Label_Price_ADVANCE,legacy,LABEL_TYPE,
835,BA_StoreOps,wf_Labor_Gate_Plan,,legacy,LABOR_GATE_PLAN,
836,INT_Labor_Mgmt,wf_LMS_Category_Ref_In,,legacy,LMS_CATEGORY_REF,
837,INT_Labor_Mgmt,wf_LMS_Custom_Interface,,legacy,LMS_PET_TRAINING,
838,INT_Labor_Mgmt,wf_LMS_Custom_Interface,,legacy,LMS_PET_TRAINING_LU,
839,INT_Labor_Mgmt,wf_LMS_Custom_Interface,,legacy,PS2_NEW_STORE_ADHOC_HRS,
840,INT_Labor_Mgmt,wf_LMS_Dept_Segments_User_In,,legacy,DM_DEPT_SEGMENTS_USER,
841,INT_Labor_Mgmt,wf_LMS_DP_OP_WEEK,,legacy,LMS_CUSTOM_DRIVERS,
842,INT_Labor_Mgmt,wf_LMS_DP_OP_WEEK,wf_LMS_DP_OP_WEEK; wf_LMS_Volume_Interface; wf_ps2_associate_interface,legacy,LMS_PILOT_STRS,
843,INT_Labor_Mgmt,wf_LMS_Folio_Status_Ref_In,,legacy,LMS_FOLIO_STATUS_REF,
844,INT_Labor_Mgmt,wf_LMS_Holiday_Freight,,legacy,HOLIDAY_STO,
845,INT_Labor_Mgmt,wf_LMS_Holiday_Freight,,legacy,INVENTORY_EVENT_STR_SKU,
846,INT_Labor_Mgmt,wf_LMS_Holiday_Freight,,legacy,STO_TYPE_LU,
847,INT_Labor_Mgmt,wf_LMS_Product_Ref_In,,legacy,LMS_PRODUCT_REF,
848,INT_Labor_Mgmt,wf_LMS_Roomtype_Ref_In,,legacy,LMS_ROOMTYPE_REF,
849,INT_Labor_Mgmt,wf_LMS_Sales_Xref_Ref_In,,legacy,LMS_SALES_XREF,
850,INT_Labor_Mgmt,wf_LMS_Sales_Xref_Ref_In,,legacy,LMS_SALES_XREF_REF,
851,INT_Labor_Mgmt,wf_LMS_SKU_Ref_In,,legacy,LMS_SKU_REF,
852,INT_Labor_Mgmt,wf_LMS_Volume_Interface,,legacy,LMS_ITEMS_SOLD,
853,INT_Labor_Mgmt,wf_LMS_Volume_Interface,,legacy,LMS_ITEMS_SOLD_LU,
854,INT_Labor_Mgmt,wf_LMS_Volume_Interface,,legacy,LMS_LIVE_ITEM_LU,
855,INT_Labor_Mgmt,wf_LMS_Volume_Interface,,legacy,LMS_LIVEITEM_POSSALES,
857,INT_Labor_Mgmt,wf_LMS_Volume_Interface,,legacy,LMS_RESTOCKING_DRIVERS,
858,INT_Labor_Mgmt,wf_LMS_Volume_Interface,,legacy,LMS_RESTOCKING_DRIVERS_LU,
859,INT_Labor_Mgmt,wf_LMS_Volume_Interface,,legacy,LMS_SALES_XREF_LU,
860,INT_Labor_Mgmt,wf_LMS_Volume_Interface,,legacy,LMS_TP_ITEMS_SOLD,
861,INT_Labor_Mgmt,wf_LMS_Volume_Interface,,legacy,LMS_TP_ITEMS_SOLD_LU,
863,BA_Demand_Planning,wf_m_DP_VEND_SUBGROUP_INS,,legacy,DP_VEND_SUBGROUP,
864,BA_Mvmt_Purch,wf_m_map_PO_EVNT_INS,,legacy,PO_EVNT,
865,BA_Mvmt_Purch,wf_m_map_VC_ASN_SUCCESSFUL_DAY_INS_UPD,,legacy,VC_ASN_SUCCESSFUL_DAY,
866,BA_Sales_Agg,wf_Margin_Adjustment,,legacy,MA_CASH_DISCOUNT_CTRL,
867,BA_Sales_Agg,wf_Margin_Adjustment,,legacy,MA_DC_COST_ADJ_CTRL,
868,BA_Sales_Agg,wf_Margin_Adjustment,,legacy,MA_EVENT,
869,BA_Sales_Agg,wf_Margin_Adjustment,,legacy,MA_EVENT_RESTATE_HIST,
870,BA_Sales_Agg,wf_Margin_Adjustment,,legacy,MA_FISCAL_MO_CTRL,
871,BA_Sales_Agg,wf_Margin_Adjustment,,legacy,MA_MOVEMENT_DAY,
872,BA_Sales_Agg,wf_Margin_Adjustment,,legacy,MA_OB_FREIGHT_CTRL,
873,BA_Sales_Agg,wf_Margin_Adjustment,,legacy,MA_SALES_TRANS_UPC,
874,BA_Sales_Agg,wf_Margin_Adjustment,,legacy,SERVICES_MARGIN_RATE,
875,BA_Sales_Agg,wf_Margin_Adjustment,,legacy,USR_MA_CASH_DISCOUNT_OVRD_CTRL,
876,BA_Sales_Agg,wf_Margin_Adjustment,,legacy,USR_MA_DC_COST_CTRL,
877,BA_Sales_Agg,wf_Margin_Adjustment,,legacy,USR_MA_DEF_ALLOW_CTRL,
878,BA_Sales_Agg,wf_Margin_Adjustment,,legacy,USR_MA_MOVEMENT_CTRL,
879,BA_Demand_Planning,wf_MDO_To_EDW_Daily,,legacy,MD_EVENTS_PARAMETERS_HIST,
880,BA_Demand_Planning,wf_MDO_To_EDW_Daily,,legacy,MD_FORECAST_WEEK_HIST,
881,BA_Demand_Planning,wf_MDO_To_EDW_Daily,,legacy,MD_PROJECTION_WEEK_HIST,
882,BA_Demand_Planning,wf_MDO_To_EDW_Daily,,legacy,MD_VARIANCE_DAY_HIST,
883,BA_StoreOps,wf_MEDALLIA_SURVEY,,legacy,MEDALLIA_PET_GROUP,
884,BA_StoreOps,wf_MEDALLIA_SURVEY,,legacy,MEDALLIA_SALON_EMPL_GROUP,
885,BA_StoreOps,wf_MEDALLIA_SURVEY,,legacy,MEDALLIA_SURVEY,
886,BA_StoreOps,wf_MEDALLIA_SURVEY,,legacy,MEDALLIA_SURVEY_EXCEPTIONS,
887,BA_StoreOps,wf_MEDALLIA_SURVEY,,legacy,MEDALLIA_SURVEY_HEADER,
888,BA_StoreOps,wf_MEDALLIA_SURVEY,,legacy,MEDALLIA_SURVEY_QUESTION,
889,BA_Financials,wf_New_GL_Daily,,legacy,GL_ACCOUNT_GROUP,
890,BA_Financials,wf_New_GL_Daily,,legacy,GL_ACCOUNT_PROFILE,
891,BA_Financials,wf_New_GL_Daily,,legacy,GL_ACTUAL_DETAIL,
892,BA_Financials,wf_New_GL_Daily,,legacy,GL_BUSINESS_TXN_TYPE,
893,BA_Financials,wf_New_GL_Daily,,legacy,GL_COMPANY,
894,BA_Financials,wf_New_GL_Daily,,legacy,GL_COST_CENTER_PROFILE,
895,BA_Financials,wf_New_GL_Daily,,legacy,GL_COST_ELEMENT,
896,BA_Financials,wf_New_GL_Daily,,legacy,GL_DEPARTMENT,
897,BA_Financials,wf_New_GL_Daily,,legacy,GL_DOCUMENT_TYPE,
898,BA_Financials,wf_New_GL_Daily,,legacy,GL_ITEM_CATEGORY,
899,BA_Financials,wf_New_GL_Daily,,legacy,GL_POSTING_KEY,
900,BA_Financials,wf_New_GL_Daily,,legacy,GL_PROFIT_CENTER_PROFILE,
901,BA_Financials,wf_New_GL_Daily,,legacy,GL_REF_TXN_TYPE,
902,BA_Financials,wf_New_GL_Daily,,legacy,GL_TXN_TYPE,
903,DH_Customer,wf_ODS_To_CIDB_Sls_Cust_Link,,legacy,SALES_CUSTOMER_ID,
904,DH_Customer,wf_ODS_To_CIDB_Sls_Cust_Link,,legacy,SALES_CUSTOMER_LINK,
905,DH_Customer,wf_ODS_To_CIDB_Sls_Cust_Link,,legacy,SALES_CUSTOMER_LINK_EXCL,
907,BA_Education,wf_ORA2NZ_EDU_Replication_Daily,,legacy,EDU_ASSESSMENTS,
908,BA_Education,wf_ORA2NZ_EDU_Replication_Daily,,legacy,EDU_CERT_DAILY,
909,BA_Education,wf_ORA2NZ_EDU_Replication_Daily,,legacy,EDU_CERT_SITE_DAILY,
911,BA_Education,wf_ORA2NZ_EDU_Replication_Daily,,legacy,EDU_RESULT,
912,BA_Mvmt_Purch,wf_Order_Visibility_SAP_AM,wf_Order_Visibility_SAP_AM; wf_Order_Visibility_SAP_PM; wf_Order_Visibility_SAP_PM_Saturday; wf_Order_Visibility_SAP_PM_Sunday,legacy,ORDER_VISIB,
913,BA_Mvmt_Purch,wf_Order_Visibility_SAP_AM,wf_Order_Visibility_SAP_AM; wf_Order_Visibility_SAP_PM; wf_Order_Visibility_SAP_PM_Saturday; wf_Order_Visibility_SAP_PM_Sunday,legacy,SAP_WMS_ROLLOUT,
920,INT_PETM_Apps,wf_p4p_associate_summary,,legacy,P4P_DC_EXCLUDE_DAY,
921,INT_PETM_Apps,wf_p4p_associate_summary,,legacy,P4P_DC_GROUP,
922,INT_PETM_Apps,wf_p4p_associate_summary,wf_p4p_associate_summary; wf_P4P_Empl_LM_Day_Every_4_Hrs,legacy,P4P_EMPL_LM_DAY,
923,INT_PETM_Apps,wf_p4p_associate_summary,,legacy,P4P_EMPLOYEE,
924,INT_PETM_Apps,wf_p4p_associate_summary,,legacy,P4P_JOB_FUNCTION,
925,INT_PETM_Apps,wf_p4p_associate_summary,,legacy,P4P_LEARNING_GROUP,
926,INT_PETM_Apps,wf_p4p_associate_summary,,legacy,P4P_PERIOD,
928,BA_HCM,wf_payroll_calendar,,legacy,PS_PAYROLL_CALENDAR,
929,BA_HCM,wf_payroll_weekly,,legacy,EARNINGS_ID,
930,BA_HCM,wf_payroll_weekly,,legacy,EMPL_EARNINGS_WK,
931,BA_HCM,wf_payroll_weekly,,legacy,EMPL_PAYCHECK_HIST,
932,BA_HCM,wf_payroll_weekly,,legacy,EMPL_PAYCHECK_RPT,empl_sensitive.empl_paycheck_rpt_lgcy
933,BA_HCM,wf_payroll_weekly,,legacy,EMPL_RATE3_WAGE_HIST,
935,BA_Financials,wf_pc_reporting_LoadNZ_Weekly,,legacy,PC_CARD_ACCOUNT,
936,BA_Financials,wf_pc_reporting_LoadNZ_Weekly,,legacy,PC_CARD_REQUEST,
937,STX_Invoice,wf_pcard_bofa_spending,,legacy,PC_MERCH_CATEGORY,
938,STX_Invoice,wf_pcard_bofa_spending,,legacy,PC_MERCHANT,
939,STX_Invoice,wf_pcard_bofa_spending,,legacy,PC_PURCHASE,
940,STX_Invoice,wf_pcard_bofa_spending,,legacy,PC_PURCHASE_DETAIL,
942,BA_Charities,wf_PCH_UDH_to_BI,,legacy,USR_PCH_EMERGENCY_RELIEF,
943,BA_Charities,wf_PCH_UDH_to_BI,,legacy,USR_PCH_ER_PAYMENT_TYPE,
944,BA_Charities,wf_PCH_UDH_to_BI,,legacy,USR_PCH_ER_RESCUE_TYPE,
945,BA_Charities,wf_PCH_UDH_to_BI,,legacy,USR_PCH_ER_SPECIES,
946,BA_Charities,wf_PCH_UDH_to_BI,,legacy,USR_PCH_EVENTS,
947,BA_Charities,wf_PCH_UDH_to_BI,,legacy,USR_PCH_MEDIA_IMPRESSIONS,
948,BA_Charities,wf_PCH_UDH_to_BI,,legacy,USR_PCH_RESCUE_WAGON,
949,BA_Charities,wf_PCH_UDH_to_BI,,legacy,USR_PCH_RW_ROUTE,
950,BA_Plan,wf_pe_event_plan_day,,legacy,PE_EVENT_PLAN_DAY,
951,BA_Dimension,wf_Pet_Attributes,,legacy,PET_ALLERGIES,
952,BA_Dimension,wf_Pet_Attributes,,legacy,PET_BREED,
953,BA_Dimension,wf_Pet_Attributes,,legacy,PET_CONDITION,
954,BA_Dimension,wf_Pet_Attributes,,legacy,PET_GENDER,
955,BA_Dimension,wf_Pet_Attributes,,legacy,PET_MEDICATION,
956,BA_Dimension,wf_Pet_Attributes,,legacy,PET_SPECIES,
957,BA_Services,wf_Pet_Moments,,legacy,PET_MOMENT_PROCESSING,
958,BA_Services,wf_Pet_Moments,,legacy,PET_MOMENT_PROCESSING_TYPE,
959,BA_Services,wf_Pet_Moments,,legacy,PET_MOMENT_REQUEST,
960,BA_Customer,wf_Pet_Reference_to_CIDB,,legacy,PETM_GENDER,
961,BA_Customer,wf_Pet_Reference_to_CIDB,,legacy,PETM_GENDER_XREF,
962,BA_Customer,wf_Pet_Reference_to_CIDB,,legacy,PETM_PET_BREED,
963,BA_Customer,wf_Pet_Reference_to_CIDB,,legacy,PETM_PET_BREED_XREF,
964,BA_Customer,wf_Pet_Reference_to_CIDB,,legacy,PETM_PET_COLOR,
965,BA_Customer,wf_Pet_Reference_to_CIDB,,legacy,PETM_PET_COLOR_XREF,
966,BA_Customer,wf_Pet_Reference_to_CIDB,,legacy,PETM_PET_CONDITION,
967,BA_Customer,wf_Pet_Reference_to_CIDB,,legacy,PETM_PET_CONDITION_XREF,
968,BA_Customer,wf_Pet_Reference_to_CIDB,,legacy,PETM_PET_MEDICATION,
969,BA_Customer,wf_Pet_Reference_to_CIDB,,legacy,PETM_PET_MEDICATION_XREF,
970,BA_Customer,wf_Pet_Reference_to_CIDB,,legacy,PETM_PET_SPECIES,
971,BA_Customer,wf_Pet_Reference_to_CIDB,,legacy,PETM_PET_SPECIES_XREF,
972,BA_Customer,wf_Pet_Reference_to_CIDB,,legacy,PETM_PET_SYSTEM,
973,BA_Customer,wf_Pet_Reference_to_CIDB,,legacy,PETM_PET_VACCINATION,
974,BA_Customer,wf_Pet_Reference_to_CIDB,,legacy,PETM_PET_VACCINATION_XREF,
975,BA_Customer,wf_Pet_Reference_to_CIDB,,legacy,PETM_RATING,
976,BA_Customer,wf_Pet_Reference_to_CIDB,,legacy,PETM_RATING_TYPE,
977,BA_Plan,wf_Plan_Act_Turnover,,legacy,PLAN_ACT_TURNOVER,
978,BA_Plan,wf_plan_cat,,legacy,PLAN_CAT_DAY,
979,BA_Merchandising,wf_Plan_PB_Brand_Wk,,legacy,PLAN_PB_BRAND_WK,
980,BA_Plan,wf_plan_store,,legacy,PLAN_STORE_DAY,
981,BA_Dimension,wf_POST_BATCH_VALIDATION,,legacy,BATCH_LOAD_AUD_LOG,
983,INT_Pricing,wf_Pricing_Hierarchy,,legacy,SAP_PRICING_CATEGORY,
984,INT_Pricing,wf_Pricing_Hierarchy,,legacy,SAP_PRICING_CLASS,
985,INT_Pricing,wf_Pricing_Hierarchy,,legacy,SAP_PRICING_DEPT,
986,INT_Pricing,wf_Pricing_Hierarchy,,legacy,SAP_PRICING_DIVISION,
987,INT_Pricing,wf_Pricing_Hierarchy,,legacy,SAP_PRICING_HIERARCHY_ERRORS,
988,INT_Pricing,wf_Pricing_Hierarchy,,legacy,UDH_ONLINE_ROLE_LKUP,
989,INT_Pricing,wf_Pricing_Hierarchy,,legacy,UDH_PRICING_ROLE_LKUP,
990,BA_HCM,wf_ps2_accrued_labor_weekly,,legacy,PS2_ACCRUED_LABOR_WK,
991,BA_HCM,wf_ps2_adjusted_labor_wk,,legacy,PS2_ADJUSTED_LABOR_WK,
993,INT_Labor_Mgmt,wf_ps2_associate_interface,,legacy,PS2_EMPL_PROFILE,
994,INT_Labor_Mgmt,wf_ps2_associate_interface,,legacy,PS2_EMPL_PROFILE_HIST,
995,BA_Labor_Mgmt,wf_PS2_Earned_Hrs,,legacy,PS2_EARNED_HRS,
996,BA_Labor_Mgmt,wf_PS2_Earned_Labor,,legacy,PS2_BLUE_LAW_STORE_LKUP,
997,BA_Labor_Mgmt,wf_PS2_Earned_Labor,,legacy,PS2_CORE_HOLIDAY_LKUP,
998,BA_Labor_Mgmt,wf_PS2_Earned_Labor,,legacy,PS2_EARNED_LABOR,
999,BA_Labor_Mgmt,wf_PS2_Earned_Labor,,legacy,PS2_HTL_EARNED,
1000,BA_Labor_Mgmt,wf_PS2_Earned_Labor,wf_PS2_Earned_Labor; wf_PS2_HTL_Forecast,legacy,PS2_HTL_ETL_CONTROL,
1001,BA_Labor_Mgmt,wf_PS2_Earned_Labor,wf_PS2_Earned_Labor; wf_PS2_HTL_Forecast,legacy,PS2_HTL_PLAYROOM_CAPACITY,
1002,BA_Labor_Mgmt,wf_PS2_Earned_Labor,wf_PS2_Earned_Labor; wf_PS2_HTL_Forecast,legacy,PS2_HTL_VARIABLES,
1003,BA_Labor_Mgmt,wf_PS2_Earned_Labor,,legacy,PS2_NEW_STORE_EARNED,
1004,BA_Labor_Mgmt,wf_PS2_Factors,,legacy,PS2_FACTORS,
1005,BA_Labor_Mgmt,wf_PS2_HTL_Forecast,,legacy,PS2_DAYS_TY_LY,
1007,BA_Labor_Mgmt,wf_PS2_HTL_Forecast,,legacy,PS2_HTL_FORECAST,
1008,BA_Labor_Mgmt,wf_PS2_HTL_Forecast,,legacy,PS2_HTL_LIMITS,
1009,BA_Labor_Mgmt,wf_PS2_HTL_Forecast,,legacy,PS2_HTL_OCCUPANCY_DATA_DEFAULT,
1012,BA_Labor_Mgmt,wf_PS2_HTL_Forecast,,legacy,PS2_HTL_WEIGHT,
1013,BA_Plan,wf_ps2_labor_plan,wf_ps2_labor_plan; wf_StorePlan_Exch_Rate_Daily_UPD,legacy,PS2_LABOR_PLAN_WK,
1014,BA_Mvmt_Purch,wf_Purchase_Order,,legacy,OPEN_STO_DAY,
1015,BA_Mvmt_Purch,wf_Purchase_Order,,legacy,ORDER_SKU_STORE,
1016,BA_Mvmt_Purch,wf_Purchase_Order,,legacy,PO_DAY,
1017,BA_Mvmt_Purch,wf_Purchase_Order,,legacy,PO_FISH_MASTER,
1018,BA_Mvmt_Purch,wf_Purchase_Order,,legacy,PO_FISH_SHIP,
1019,BA_Mvmt_Purch,wf_Purchase_Order,,legacy,PO_FISH_XREF,
1020,BA_Mvmt_Purch,wf_Purchase_Order,,legacy,PO_HDR_COND,
1021,BA_Mvmt_Purch,wf_Purchase_Order,wf_Purchase_Order; wf_SCM,legacy,PO_HDR_FACT,
1022,BA_Mvmt_Purch,wf_Purchase_Order,,legacy,PO_LN_COND,
1023,BA_Mvmt_Purch,wf_Purchase_Order,,legacy,PO_LN_FACT,
1024,BA_Mvmt_Purch,wf_Purchase_Order,,legacy,PO_MASTER,
1025,BA_Mvmt_Purch,wf_Purchase_Order,,legacy,PO_NBR,
1027,BA_Mvmt_Purch,wf_Purchase_Order,,legacy,TRANSFERS,
1028,BA_StoreOps,wf_QuietroomVisibility,,legacy,MOVEMENT_LIVE_PET,
1029,BA_Demand_Planning,wf_Relex_To_EDW_Daily,,legacy,DP_ACCURACY_DAY,
1030,BA_Demand_Planning,wf_Relex_To_EDW_Daily,,legacy,DP_DEMAND_DAY,
1031,BA_Demand_Planning,wf_Relex_To_EDW_Daily,,legacy,DP_FORECAST_WEEK_HIST,
1032,BA_Demand_Planning,wf_Relex_To_EDW_Daily,,legacy,DP_ORDER_PROJECTION_DAY_HIST,
1033,BA_Demand_Planning,wf_Relex_To_EDW_Daily,,legacy,DP_ORDER_PROJECTION_WEEK_HIST,
1034,BA_Demand_Planning,wf_Relex_To_EDW_Daily,,legacy,DP_PRODUCT_LOCATION_SETTINGS_HIST,
1035,BA_StoreOps,wf_Rfx_CASE,,legacy,RFX_RTM_DEPT,
1036,BA_StoreOps,wf_Rfx_CASE,,legacy,RFX_RTM_LOOK_UP,
1037,BA_StoreOps,wf_Rfx_CASE,,legacy,RFX_RTM_PROJECT,
1038,BA_StoreOps,wf_Rfx_CASE,,legacy,RFX_RTM_PROJECT_EXECUTION_STATUS,
1039,BA_StoreOps,wf_Rfx_CASE,,legacy,RFX_RTM_PROJECT_MESSAGE,
1040,BA_StoreOps,wf_Rfx_CASE,,legacy,RFX_RTM_PROJECT_PRIORITY,
1041,BA_StoreOps,wf_Rfx_CASE,,legacy,RFX_RTM_PROJECT_RESPONSE,
1042,BA_StoreOps,wf_Rfx_CASE,,legacy,RFX_RTM_PROJECT_STATUS,
1043,BA_StoreOps,wf_Rfx_CASE,,legacy,RFX_RTM_PROJECT_TYPE,
1044,BA_StoreOps,wf_Rfx_CASE,,legacy,RFX_RTM_ROLE,
1045,BA_StoreOps,wf_Rfx_CASE,,legacy,RFX_RTM_TASK,
1046,BA_StoreOps,wf_Rfx_CASE,,legacy,RFX_RTM_UNIT_ATTR,
1047,BA_StoreOps,wf_Rfx_CASE,,legacy,RFX_RTM_UNIT_HIERARCHY,
1048,BA_StoreOps,wf_Rfx_STORE_WALK,,legacy,RFX_SWA_STORE_WALK,
1049,BA_StoreOps,wf_Rfx_STORE_WALK,,legacy,RFX_SWA_WALK_RESPONSE,
1050,BA_Incident_Management,wf_Riskonnect_In,,legacy,INCIDENT_CLAIMS,
1051,BA_Incident_Management,wf_Riskonnect_In,,legacy,INCIDENT_INVESTIGATIONS,
1052,BA_Sales_Agg,wf_sales_agg_replicate_NCAST_DATA,,legacy,SALES_CAT_STORE_RANK,
1057,BA_Sales_Detail,wf_Sales_Detail_Pet_Pharmacy,,legacy,SALES_TRANS_PET,
1058,BA_Sales_Detail,wf_Sales_Detail_Pet_Pharmacy,,legacy,SALES_TRANS_PET_ALLERGY,
1059,BA_Sales_Detail,wf_Sales_Detail_Pet_Pharmacy,,legacy,SALES_TRANS_PET_MED,
1060,BA_Sales_Detail,wf_Sales_Detail_Pet_Pharmacy,,legacy,SALES_TRANS_PET_MED_ALLERGY,
1061,BA_Sales_Detail,wf_Sales_Detail_Pet_Pharmacy,,legacy,SALES_TRANS_PET_MED_COND,
1062,BA_Sales_Detail,wf_Sales_Detail_Pet_Pharmacy,,legacy,SALES_TRANS_PET_VET_CLINIC,
1063,BA_Dimension,wf_Sales_Ranking_Wk,,legacy,SALES_RANKING_WK,
1064,BA_Sales_Detail,wf_Sales_Trans_Cust_Addl,,legacy,SALES_TRANS_CUST_ADDL,
1065,BA_Mobile,wf_Sales_Trans_Sku_UPD_ORDER_CREATE_CHNL,,legacy,CMA_ETL_AUDIT_TBL,
1068,BA_HCM,wf_SalonSmart,,legacy,SERVICE_SMART,
1069,BA_SCM,wf_SCM,,legacy,DUMMY_FOR_TARGET_TRUNC,
1071,BA_SCM,wf_SCM,,legacy,SCM_CARRIER,
1072,BA_SCM,wf_SCM,,legacy,SCM_CARRIER_MODE,
1073,BA_SCM,wf_SCM,,legacy,SCM_DO,
1074,BA_SCM,wf_SCM,,legacy,SCM_DO_SHIPMENT_STOP,
1075,BA_SCM,wf_SCM,,legacy,SCM_DO_STATUS,
1076,BA_SCM,wf_SCM,,legacy,SCM_EQUIPMENT_TYPE,
1077,BA_SCM,wf_SCM,,legacy,SCM_INVOICE_STATUS,
1078,BA_SCM,wf_SCM,,legacy,SCM_PO_951,
1079,BA_SCM,wf_SCM,,legacy,SCM_PO_ALERTS,
1080,BA_SCM,wf_SCM,,legacy,SCM_PO_DC_APPT,
1081,BA_SCM,wf_SCM,,legacy,SCM_PO_SHIPMENT,
1082,BA_SCM,wf_SCM,,legacy,SCM_PO_STATUS,
1083,BA_SCM,wf_SCM,,legacy,SCM_PRODUCT_CLASS,
1084,BA_SCM,wf_SCM,,legacy,SCM_REASON_CATEGORY,
1085,BA_SCM,wf_SCM,,legacy,SCM_SHIPMENT_951,
1086,BA_SCM,wf_SCM,,legacy,SCM_SHIPMENT_CM,
1087,BA_SCM,wf_SCM,,legacy,SCM_SHIPMENT_STATUS,
1088,BA_SCM,wf_SCM,,legacy,SCM_SHIPMENT_STOP,
1089,BA_SCM,wf_SCM,,legacy,SCM_SHIPMENT_STOP_ALERTS,
1090,BA_SCM,wf_SCM,,legacy,SCM_STOP_STATUS,
1091,BA_SCM,wf_SCM,,legacy,SCM_TRANS_MODE,
1093,BA_SCM,wf_SCM,,legacy,SITE_PROFILE_RPT_951,
1094,BA_SCM,wf_SCM,,legacy,VENDOR_PROFILE_951,
1095,BA_SCM,wf_SCM,,legacy,WM_2009_PO_SKU,
1096,BA_Traffic_Counters,wf_ShopperTrak_Sales,,legacy,ST_FILES_CTRL,
1097,BA_Dimension,wf_Site_Attribute,,legacy,SITE_DM_HIST,
1098,BA_Dimension,wf_Site_Attribute,,legacy,SITE_EAGLE_STATUS,
1099,BA_Dimension,wf_Site_Attribute,,legacy,SITE_HIERARCHY_HIST,
1100,BA_Dimension,wf_Site_Hours_Day,,legacy,SITE_HOURS_DAY,
1101,BA_Digital,wf_Site_Order_SLA,,legacy,SITE_ORDER_CHANNEL_SLA_DAY,
1102,BA_Digital,wf_Site_Order_SLA,,legacy,SITE_ORDER_SLA_DAY,
1103,BA_Education,wf_skillsoft,,legacy,SKILLSOFT_ASSET_ACTIVITY,
1104,BA_Education,wf_skillsoft,,legacy,SKILLSOFT_COURSE_MASTER,
1105,BA_Education,wf_skillsoft,,legacy,SKILLSOFT_LEARNING_PROGRAM,
1106,BA_Education,wf_skillsoft,,legacy,SKILLSOFT_LEARNING_PROGRAM_MASTER,
1107,BA_Education,wf_skillsoft,,legacy,SKILLSOFT_MASTER,
1108,BA_Education,wf_skillsoft_ACM,,legacy,EDU_ASSESSMENTS_CONS,
1111,BA_Education,wf_skillsoft_ACM,,legacy,EDU_RESULT_CONS,
1112,BA_Education,wf_skillsoft_ACM,,legacy,SKILLSOFT_ACM_ASSET_ACTIVITY,
1113,BA_Education,wf_skillsoft_ACM,,legacy,SKILLSOFT_ACM_LEARNING_PROGRAM,
1114,BA_Dimension,wf_SKU_MPP_Attributes,,legacy,SKU_MPP_PRICE,
1115,BA_Dimension,wf_SKU_PIM_Attributes,wf_SKU_PIM_Attributes; wf_SKU_SAP_Attributes; wf_SKU_TXS_Attributes,legacy,SKU_ATTR,
1116,BA_Dimension,wf_SKU_PIM_Attributes,,legacy,SKU_PIM_ATTR,
1117,BA_Dimension,wf_SKU_PIM_Attributes,,legacy,SKU_PIM_ATTR_TYPE,
1118,BA_Dimension,wf_SKU_PIM_Attributes,,legacy,SKU_PIM_ATTR_TYPE_VALUES,
1120,BA_Dimension,wf_SKU_SAP_Attributes,,legacy,SKU_MAP_PRICE,
1121,BA_Dimension,wf_SKU_SAP_Attributes,,legacy,SKU_SAP_ATTR,
1122,BA_Dimension,wf_SKU_Store_Rank,,legacy,SKU_RANK,
1123,BA_Dimension,wf_SKU_Store_Rank,,legacy,STORE_RANK,
1125,BA_Dimension,wf_SKU_TXS_Attributes,,legacy,SKU_TXS_ATTR,
1126,BA_Dimension,wf_SKU_TXS_Attributes,,legacy,SKU_TXS_ATTR_TYPE,
1127,BA_Dimension,wf_SKU_TXS_Attributes,,legacy,SKU_TXS_ATTR_TYPE_VALUES,
1128,BA_Warehouse,wf_slotting_t3_daily_load,,legacy,SLOT_PKG_TYPES,
1129,BA_Warehouse,wf_slotting_t3_daily_load,,legacy,SLOT_SCORING_ELEMENTS,
1130,BA_Warehouse,wf_slotting_t3_daily_load,,legacy,SLOT_SLOTTING_GROUPS,
1131,BA_Warehouse,wf_slotting_t3_daily_load,,legacy,SLOT_STATUS_CODES,
1132,BA_Warehouse,wf_slotting_t3_daily_load,,legacy,SLOT_TREE_WEEK,
1133,BA_Warehouse,wf_slotting_t3_daily_load,,legacy,SLOT_VIOLATION_DETAIL,
1134,BA_StoreOps,wf_Store_Audit,,legacy,STORE_AUDIT,
1135,BA_Dimension,wf_Store_Data,,legacy,STORE_DATA,
1136,BA_Store_Ops,wf_STORE_DAY_SALES_CAPTAIN_Non_Regular_Stores_nz,wf_STORE_DAY_SALES_CAPTAIN_Non_Regular_Stores_nz; wf_STORE_DAY_SALES_CAPTAIN_Regular_Stores_nz,legacy,STORE_DAY_SALES_CAPTAIN,
1138,BA_Demand_Planning,wf_Store_Fill_Rate,,legacy,STORE_FILL_RATE,
1139,BA_Demand_Planning,wf_Store_Fill_Rate,,legacy,WM_2009_PO_ORDER_DTL,
1140,BA_Demand_Planning,wf_Store_Fill_Rate,,legacy,WM_2018_PO_ORDER_DTL,
1142,BA_Dimension,wf_store_parameters,,legacy,NON_DISCOUNT_UPC,
1143,BA_Dimension,wf_store_parameters,,legacy,STORE_TAX_RATE,
1144,BA_Dimension,wf_store_parameters,,legacy,STORE_TIME_ZONE,
1145,BA_Plan,wf_StorePlan_Exch_Rate_Daily_UPD,,legacy,PLAN_CAT_DISCOUNT,
1146,BA_Plan,wf_StorePlan_Exch_Rate_Daily_UPD,,legacy,PLAN_CAT_SALES,
1147,BA_Plan,wf_StorePlan_Exch_Rate_Daily_UPD,,legacy,PLAN_DEPT_INV,
1149,BA_StoreOps,wf_StoreSurveyApp,,legacy,DOG_SURVEY_RESPONSE,
1150,BA_StoreOps,wf_StoreSurveyApp,,legacy,SSA_ANSWER_TYPE,
1151,BA_StoreOps,wf_StoreSurveyApp,,legacy,SSA_ANSWER_VALUE,
1152,BA_StoreOps,wf_StoreSurveyApp,,legacy,SSA_BUS_AREA,
1153,BA_StoreOps,wf_StoreSurveyApp,,legacy,SSA_QUES_ANS_STATEMENT_REL,
1154,BA_StoreOps,wf_StoreSurveyApp,,legacy,SSA_QUESTION_TYPE,
1155,BA_StoreOps,wf_StoreSurveyApp,,legacy,SSA_SURVEY,
1156,BA_StoreOps,wf_StoreSurveyApp,,legacy,SSA_SURVEY_ANSWERS,
1157,BA_StoreOps,wf_StoreSurveyApp,,legacy,SSA_SURVEY_NOTES,
1158,BA_StoreOps,wf_StoreSurveyApp,,legacy,SSA_SURVEY_QUESTIONS,
1159,BA_StoreOps,wf_StoreSurveyApp,,legacy,SSA_SURVEY_SECTIONS,
1160,BA_StoreOps,wf_StoreSurveyApp,,legacy,SSA_SURVEY_STATUS,
1161,BA_StoreOps,wf_StoreSurveyApp,,legacy,SSA_SURVEY_TYPE,
1163,BA_StoreOps,wf_SVCS_Plan_Units_Sales,,legacy,SVCS_PLAN_UNITS_EXCH_RATE,
1164,BA_StoreOps,wf_SVCS_Plan_Units_Sales,,legacy,SVCS_PLAN_UNITS_SALES_DAY,
1166,BA_Financials,wf_TimeSmart,,legacy,TS_ACTIVITY,
1167,BA_Financials,wf_TimeSmart,,legacy,TS_ACTIVITY_CATEGORY,
1168,BA_Financials,wf_TimeSmart,,legacy,TS_ACTIVITY_TYPE,
1169,BA_Financials,wf_TimeSmart,,legacy,TS_ACTIVITY_XREF,
1170,BA_Financials,wf_TimeSmart,,legacy,TS_EMPLOYEE_TIME,
1171,BA_Store_Ops,wf_Traffic_Counters_Delayed_Load,wf_Traffic_Counters_Delayed_Load; wf_Traffic_Counters_Early_Load,legacy,SITE_TRAFFIC,
1173,BA_Dimension,wf_UDH_SKU_STYLE,,legacy,UDH_SKU_STYLE,
1174,BA_Education,wf_USR_Assessment_Exceptions,,legacy,USR_ASSESSMENT_EXCEPTIONS,
1175,BA_HCM,wf_usr_caresmart,,legacy,USR_CARESMART,
1176,BA_SCM,wf_USR_CUSTOMS_IMPORT_DATA,,legacy,USR_CUSTOMS_IMPORT_DATA,
1177,BA_HCM,wf_USR_Job_Group,,legacy,USR_JOB_GROUP,
1178,BA_StoreOps,wf_usr_psh_mystery_shopper,,legacy,USR_PSH_MYSTERY_SHOPPER,
1179,BA_Dimension,wf_USR_Store_Attributes,,legacy,USR_STORE_ATTRIBUTES,
1180,BA_StoreOps,wf_USR_Store_Tier,,legacy,USR_ALT1_TIER,
1181,BA_StoreOps,wf_USR_Store_Tier,,legacy,USR_HR_STORE_SALES_TIER,
1182,BA_StoreOps,wf_USR_Store_Tier,,legacy,USR_HR_STORE_TIER,
1183,BA_StoreOps,wf_USR_Store_Tier,,legacy,USR_SCORECARD_TIER_PLAN,
1184,BA_Dimension,wf_Vendor_Dim,,legacy,VENDOR_SUBRANGE,
1185,BA_SCM,wf_VENDOR_FACTORY_CAT_PERFORMANCE_SAMPLE_CNT,wf_VENDOR_FACTORY_CAT_PERFORMANCE_SAMPLE_CNT; wf_VENDOR_FACTORY_CAT_PERFORMANCE_SKU_TARGET_COST; wf_VENDOR_FACTORY_PERFORMANCE_DIM_SCORECARD; wf_VENDOR_SCORECARD_DEPT_METRICS; wf_VENDOR_SCORECARD_QUALITY_ASSMNT_SCORE; wf_VENDOR_SCORECARD_SKU_RECALL_CNT; wf_VENDOR_SCORECARD_SOCIAL_PERFORMANCE_METRICS,legacy,VENDOR_FACTORY_CAT_PERFORMANCE,
1187,BA_SCM,wf_VENDOR_FACTORY_PERFORMANCE_DIM_SCORECARD,,legacy,VENDOR_CBX_SAP_REL,
1189,BA_SCM,wf_VENDOR_FACTORY_PERFORMANCE_DIM_SCORECARD,,legacy,VENDOR_FACTORY_PERFORMANCE,
1191,BA_SCM,wf_VENDOR_SCORECARD_FACTORY_METRICS,,legacy,FACTORY_CBX_VENDOR_REL,
1192,BA_SCM,wf_VENDOR_SCORECARD_FACTORY_METRICS,,legacy,VENDOR_FACTORY,
1196,BA_Portal_Integration,wf_VIP_Portal_Weekly,,legacy,VIP_USER_SUPPLY_CHAIN,
1197,BA_SCM,wf_VIP_Salvage,,legacy,VIP_PALLET_SALVAGE,
1198,BA_Labor_Mgmt,wf_WFA_TIME_SHEET_PUNCH,,legacy,WFA_TIME_SHEET_PUNCH,
1199,BA_Warehouse,wf_WMS_Tier3_Lookup_Tables_Load,,legacy,WMS_JOB_FUNCTION,
1200,BA_Labor_Mgmt,wf_workforce_analytics,,legacy,WFA_BUSINESS_AREA,
1201,BA_Labor_Mgmt,wf_workforce_analytics,,legacy,WFA_DEPARTMENT,
1202,BA_Labor_Mgmt,wf_workforce_analytics,,legacy,WFA_EMP,
1203,BA_Labor_Mgmt,wf_workforce_analytics,,legacy,WFA_FCST_SLS_DEPT,
1204,BA_Labor_Mgmt,wf_workforce_analytics,,legacy,WFA_FCST_SLS_TASK,
1205,BA_Labor_Mgmt,wf_workforce_analytics,,legacy,WFA_LBRACCT,
1206,BA_Labor_Mgmt,wf_workforce_analytics,,legacy,WFA_ORG,
1207,BA_Labor_Mgmt,wf_workforce_analytics,,legacy,WFA_PAYCD,
1208,BA_Labor_Mgmt,wf_workforce_analytics,,legacy,WFA_TASK,
1209,BA_Labor_Mgmt,wf_workforce_analytics,,legacy,WFA_TDTL,
1210,BA_Labor_Mgmt,wf_workforce_analytics,,legacy,WFA_TSCHD,